/* Auto-generated by gen_refset_tflite.py — DO NOT EDIT */
#include <stddef.h>
#include "app_config.h"

#ifndef EMBREC_DEFINED
#define EMBREC_DEFINED
typedef struct { const char* name; const uint8_t* data; int dim; } EmbRec;
#endif

#define REF_NAME "Aida"

static const uint8_t emb_Aida_0[] = {
  0x63, 0x4C, 0x7F, 0x69, 0x06, 0xAA, 0xC4, 0x67, 0xD1, 0x8B, 0xF3, 0x06, 0x88, 0xAC, 0x69, 0x29,
  0x0C, 0x5D, 0x21, 0xBA, 0x7A, 0xEB, 0x1B, 0x4E, 0xFA, 0x06, 0x28, 0x9D, 0x27, 0xF5, 0x51, 0x67,
  0xB1, 0x5B, 0xFF, 0xB3, 0x1F, 0xA9, 0x57, 0x04, 0x1F, 0x60, 0x89, 0xBE, 0x5C, 0x71, 0xED, 0x40,
  0x66, 0x20, 0x6B, 0x9A, 0x59, 0x24, 0xE3, 0x4D, 0x07, 0x94, 0xCC, 0xE9, 0x40, 0xE2, 0xBB, 0xB2,
  0x06, 0x94, 0x93, 0xCC, 0x53, 0x59, 0xC4, 0x04, 0x50, 0x9A, 0x7C, 0xAD, 0x87, 0x8A, 0xDD, 0x37,
  0x62, 0x2F, 0x83, 0x08, 0x8A, 0x14, 0xA2, 0x04, 0x8C, 0xA6, 0xE6, 0xD7, 0x6C, 0x34, 0x0B, 0xA7,
  0xCC, 0x7C, 0x44, 0x8C, 0x4F, 0x0B, 0x40, 0x60, 0x2F, 0xCD, 0x20, 0xFA, 0xED, 0xE2, 0xE3, 0x75,
  0xB0, 0x25, 0xA9, 0x6C, 0x35, 0x4A, 0x19, 0x0F, 0x47, 0xF2, 0x3C, 0xEC, 0xB0, 0xCE, 0xCE, 0x29,
  0x89, 0xDC, 0x85, 0x34, 0xF8, 0xFA, 0x04, 0xAF, 0x42, 0x6F, 0xE9, 0xC9, 0x88, 0xD6, 0xD7, 0x90,
  0x69, 0x36, 0x4C, 0xC3, 0x19, 0x28, 0x20, 0xC3, 0x95, 0x8D, 0xD4, 0x3F, 0x14, 0x00, 0xD1, 0xE9,
  0xD9, 0xD9, 0x49, 0xA2, 0x1A, 0x9B, 0xB8, 0xCD, 0xC3, 0xD9, 0x95, 0xBC, 0xFE, 0x86, 0xB3, 0x37,
  0xE3, 0x70, 0xC9, 0x85, 0xD0, 0xD9, 0x10, 0xF6, 0x43, 0x5C, 0x66, 0xD5, 0xBD, 0x83, 0xF6, 0x11,
  0xE4, 0x45, 0x3B, 0x94, 0x37, 0xBA, 0x8E, 0x4E, 0xCB, 0x1F, 0x11, 0x51, 0x1E, 0x47, 0xE9, 0x20,
  0xB3, 0x51, 0x6C, 0x8A, 0x00, 0xFA, 0x22, 0xBD, 0x94, 0x17, 0x3F, 0x21, 0xE5, 0x08, 0xFA, 0x29,
  0x6F, 0x97, 0x94, 0x34, 0x81, 0x97, 0x6C, 0xAE, 0x91, 0x29, 0xFA, 0x66, 0xEA, 0x44, 0xF1, 0xDF,
  0x34, 0xE5, 0xD9, 0x30, 0x27, 0xE0, 0x1B, 0x9C, 0x1F, 0xFE, 0x23, 0xB6, 0x0C, 0x47, 0x9D, 0x06,
  0x83, 0x5A, 0x04, 0x29, 0x1E, 0x41, 0x8F, 0x9B, 0x02, 0x6A, 0x9F, 0x34, 0xFA, 0x41, 0x92, 0xEF,
  0x9F, 0x43, 0x1A, 0x37, 0xF2, 0xC5, 0xBF, 0x99, 0x42, 0xFE, 0xAB, 0xE2, 0xD6, 0x16, 0x04, 0x5A,
  0x4B, 0x93, 0x87, 0xD9, 0x88, 0xB9, 0x36, 0x75, 0xAB, 0x81, 0x37, 0xA7, 0xC1, 0x85, 0xBA, 0xC9,
  0xFD, 0xA8, 0xD0, 0xBE, 0x80, 0x7C, 0x63, 0x75, 0x6D, 0xC2, 0x84, 0x1C, 0x78, 0x70, 0x7E, 0x30,
  0xD9, 0x1A, 0xC7, 0x46, 0xDA, 0x1B, 0xFC, 0x06, 0xDC, 0x7B, 0xEC, 0xC0, 0xA8, 0x63, 0xFD, 0x20,
  0xEB, 0x70, 0x9B, 0xE6, 0xE1, 0xCA, 0x33, 0x84, 0x4D, 0xC4, 0x0F, 0x2F, 0xE5, 0x02, 0x6A, 0xE4,
  0xF3, 0xCF, 0xE1, 0xE3, 0x7D, 0xF4, 0x3A, 0xA8, 0x07, 0x26, 0x59, 0xE7, 0x93, 0xE6, 0x9F, 0xF1,
  0xF0, 0x80, 0x53, 0x6D, 0x47, 0x12, 0x41, 0xF7, 0x27, 0x17, 0xB7, 0x4A, 0x76, 0x0F, 0x46, 0x17,
  0x95, 0xA6, 0x99, 0x12, 0xF3, 0x3D, 0xB1, 0xE3, 0x3B, 0xE1, 0x32, 0x5D, 0xE6, 0x48, 0xF1, 0xB5,
  0x92, 0x33, 0xCC, 0x25, 0x8D, 0x2C, 0x52, 0xBD, 0xE1, 0x20, 0x38, 0x73, 0x8D, 0xCE, 0xA9, 0x8A,
  0x9B, 0xE9, 0x30, 0xA7, 0x51, 0x69, 0xF4, 0x1C, 0x2D, 0xCF, 0xA9, 0x3F, 0x89, 0x24, 0x01, 0x97,
  0x15, 0xF6, 0xDC, 0x84, 0x56, 0x66, 0xAD, 0x7F, 0xD7, 0x2E, 0x31, 0x78, 0x84, 0xDB, 0x73, 0x32,
  0x8E, 0xEF, 0x26, 0x3D, 0x07, 0x10, 0xF5, 0xEC, 0xA3, 0x66, 0x73, 0xA3, 0x67, 0xB9, 0x66, 0x1F,
  0x19, 0x7B, 0x52, 0x24, 0x2E, 0x29, 0x1B, 0xA4, 0xA1, 0x3E, 0x81, 0x58, 0x25, 0x65, 0x94, 0x10,
  0x5A, 0x7D, 0x30, 0x5E, 0x32, 0x29, 0x48, 0xB2, 0x54, 0x4D, 0x96, 0xB5, 0xB8, 0x58, 0x14, 0x7A,
  0xC0, 0x77, 0x5F, 0x05, 0xA4, 0x48, 0xF2, 0x63, 0x87, 0x2F, 0xF3, 0x32, 0x7F, 0x8D, 0xC8, 0xFC,
  0x6A, 0xA9, 0x08, 0x08, 0x52, 0xDB, 0xDA, 0x19, 0xAF, 0x14, 0xB4, 0xE2, 0x33, 0x6D, 0x1A, 0x0D,
  0x2A, 0x2D, 0xA3, 0x3E, 0x77, 0xF3, 0x9A, 0x68, 0x66, 0xAB, 0x0C, 0x31, 0x04, 0x83, 0x9A, 0xD8,
  0x93, 0xBB, 0x95, 0x00, 0xFE, 0x74, 0xC4, 0xA9, 0x5E, 0xF9, 0x7C, 0xB6, 0x72, 0x48, 0x02, 0xFC,
  0x07, 0x30, 0x38, 0x3A, 0x2B, 0x9D, 0xF2, 0xDA, 0xE9, 0xC9, 0x64, 0x37, 0x43, 0x92, 0x7B, 0xE6,
  0xAD, 0xEA, 0xF0, 0xC9, 0x6B, 0x4A, 0xB9, 0x4E, 0x9F, 0xCD, 0x3B, 0xBE, 0x5D, 0x8B, 0x50, 0x33,
  0x4F, 0xFD, 0x4A, 0xB9, 0x85, 0x04, 0xC2, 0x24, 0x21, 0xC1, 0xBB, 0xF7, 0xB1, 0x13, 0xB9, 0x94,
  0x5E, 0xEE, 0xC1, 0x21, 0xA1, 0x3E, 0x32, 0x02, 0x36, 0xAA, 0xE6, 0xC5, 0xA5, 0x01, 0xBC, 0x9E,
  0x9A, 0x0B, 0x66, 0x5A, 0xE3, 0xAA, 0x0D, 0x58, 0x56, 0x32, 0x2D, 0x0A, 0xBA, 0x19, 0x5F, 0x9C,
  0xF6, 0xD5, 0xBF, 0x2E, 0xB4, 0xDE, 0x44, 0xA4, 0x5A, 0x31, 0x9C, 0xB2, 0xFF, 0x25, 0x4D, 0x23,
  0xA0, 0xA3, 0x9E, 0xB3, 0x45, 0x6C, 0x60, 0x63, 0x6E, 0x3F, 0x4B, 0xB2, 0x20, 0xB5, 0xC8, 0xED,
  0x34, 0xF3, 0x30, 0xF2, 0xB8, 0xDE, 0x7D, 0x33, 0x2C, 0xF4, 0x68, 0x44, 0x11, 0x0E, 0x76, 0x64,
  0x02, 0x76, 0x59, 0x80, 0x5F, 0x16, 0x51, 0x1E, 0x63, 0x5D, 0x08, 0xB9, 0x35, 0x7E, 0xA8, 0x7B,
  0x1C, 0x60, 0x4F, 0xAD, 0xCA, 0x88, 0xF6, 0xB9, 0x2B, 0x7B, 0x8F, 0x9B, 0x48, 0x05, 0x20, 0x18,
  0xFC, 0xE1, 0x43, 0x9E, 0xD2, 0x3D, 0xA7, 0xC7, 0x4A, 0x42, 0xE6, 0x7E, 0xB2, 0x03, 0x76, 0xA3,
  0xD1, 0xDC, 0x6D, 0x7A, 0xEA, 0xA5, 0x36, 0x78, 0xB3, 0xBF, 0x0C, 0xA8, 0xA8, 0x06, 0xB3, 0x4C,
  0xF7, 0x71, 0x00, 0xC7, 0x24, 0x55, 0x76, 0xD4, 0x20, 0xEA, 0x1B, 0x7E, 0x1B, 0x38, 0xEF, 0xE4,
  0x28, 0x02, 0x10, 0xBF, 0xC3, 0x3F, 0xD9, 0xBA, 0x86, 0x3F, 0xF6, 0xCE, 0x0D, 0xEA, 0xC7, 0xEF,
  0x3D, 0x79, 0x8C, 0x0C, 0xAD, 0xFE, 0x67, 0xED, 0x74, 0x04, 0x8E, 0xE4, 0x8E, 0x9B, 0xE6, 0x09,
  0xA7, 0x3E, 0x46, 0x95, 0x8E, 0x33, 0x8C, 0x9E, 0xC5, 0x60, 0x70, 0x1D, 0x6A, 0xE3, 0x91, 0x13,
  0xE7, 0x9F, 0xDC, 0x51, 0xD1, 0x92, 0xDC, 0xAE, 0x91, 0x27, 0x5A, 0x82, 0xDD, 0xC4, 0x98, 0xAA,
  0x2C, 0xEB, 0xE1, 0xA4, 0x96, 0xBB, 0x12, 0x9D, 0xBA, 0xBE, 0xDD, 0xD5, 0x1C, 0xFB, 0x62, 0xCD,
  0xA9, 0x59, 0x25, 0xF5, 0x98, 0x8E, 0x04, 0xB3, 0x99, 0x77, 0x2A, 0xB4, 0x69, 0x24, 0x9D, 0x1E,
  0x7F, 0x03, 0x15, 0x3A, 0xAE, 0x06, 0x38, 0x3A, 0x1B, 0xE7, 0xCE, 0x3F, 0x76, 0x62, 0x87, 0xFC,
  0x38, 0x25, 0x6D, 0x18, 0x11, 0xE6, 0x1C, 0xD1, 0x7F, 0xBC, 0xEF, 0xB6, 0x2E, 0x36, 0xA3, 0x6F,
  0xAE, 0x3C, 0xEB, 0x7D, 0x76, 0xD8, 0xF5, 0x04, 0x43, 0x46, 0x0D, 0x13, 0xAE, 0x64, 0xCF, 0x06,
  0x54, 0x37, 0x91, 0xBB, 0x14, 0x1C, 0x90, 0xE1, 0x40, 0x35, 0x3E, 0xF5, 0x2C, 0x2A, 0x45, 0xD5,
  0xD2, 0x05, 0xB4, 0xBA, 0x6B, 0x28, 0x23, 0x48, 0x30, 0x5A, 0x1C, 0x16, 0x74, 0x28, 0xE2, 0xF6,
  0xCA, 0x3D, 0x92, 0xB6, 0x07, 0xD4, 0x49, 0xDE, 0x4C, 0x36, 0x28, 0xE5, 0x15, 0x12, 0x5C, 0x74,
  0x90, 0x22, 0x88, 0x28, 0xC0, 0x13, 0xAF, 0xD0, 0x31, 0x59, 0x98, 0x69, 0x93, 0x97, 0x3C, 0xEF,
  0xBF, 0x14, 0xC2, 0xB8, 0xF1, 0x95, 0xD5, 0xD8, 0xCD, 0xC7, 0xAB, 0xEA, 0x4E, 0x12, 0x13, 0xD2,
  0x9B, 0x68, 0xB3, 0x59, 0x74, 0x13, 0x2F, 0x25, 0xD9, 0x77, 0xD2, 0x87, 0xF2, 0x16, 0x92, 0x50,
  0xA9, 0x10, 0xA1, 0x28, 0xBF, 0x1C, 0x07, 0x39, 0x51, 0x47, 0x0C, 0xA1, 0xC1, 0x1E, 0x07, 0xB9,
  0x4A, 0x7F, 0x94, 0x3A, 0x07, 0x4C, 0x45, 0x98, 0xAC, 0x92, 0x65, 0x77, 0xB6, 0xFF, 0xD9, 0x72,
  0x65, 0xA7, 0xC9, 0x3D, 0x06, 0xF3, 0xF8, 0x19, 0x6E, 0x8C, 0x12, 0x27, 0x82, 0x76, 0xF7, 0x8E,
  0x1C, 0xF1, 0xC0, 0x31, 0x2C, 0x9E, 0x7B, 0xE6, 0x44, 0xC8, 0x72, 0xC7, 0xDA, 0x76, 0xBD, 0xAE,
  0xF8, 0x84, 0x88, 0x49, 0x52, 0xE9, 0x2E, 0x00, 0x50, 0xD0, 0xF5, 0x26, 0x78, 0xCC, 0xD3, 0x1F,
  0xA4, 0xEA, 0xBF, 0xD8, 0x7D, 0x20, 0x94, 0x91, 0xAF, 0xF8, 0x44, 0x22, 0x4E, 0xAE, 0x06, 0x7F,
  0xEC, 0x9C, 0xD4, 0xA9, 0xB2, 0x18, 0xD8, 0xB6, 0x3C, 0xB1, 0xA3, 0xB8, 0x42, 0xE6, 0xF0, 0xC3,
  0x10, 0xA8, 0xC8, 0x4F, 0x2F, 0xC2, 0x5F, 0xFB, 0x95, 0xB6, 0x40, 0x9A, 0xFC, 0xCA, 0xED, 0x6A,
  0xBA, 0x75, 0x6A, 0x47, 0xD6, 0xFD, 0x76, 0x0F, 0x6C, 0x73, 0x86, 0xC9, 0x2C, 0x2F, 0x0C, 0x6A,
  0x90, 0x5E, 0xE9, 0xC2, 0xAC, 0xC1, 0x70, 0xE2, 0xD0, 0xCD, 0x3A, 0x41, 0xE3, 0xDF, 0x3F, 0x12,
  0x53, 0x53, 0x07, 0x15, 0xE8, 0x02, 0x39, 0x26, 0x08, 0x70, 0xBD, 0x77, 0x50, 0x3F, 0x2D, 0x7D,
  0x27, 0xA8, 0x28, 0x00, 0x24, 0x61, 0x2F, 0x14, 0xB7, 0x61, 0x2B, 0x9D, 0xA2, 0x4F, 0x14, 0xF0,
  0xEE, 0x08, 0x41, 0xDA, 0xC1, 0xA9, 0x47, 0x2B, 0x94, 0x94, 0x94, 0xC6, 0x1A, 0x22, 0xC6, 0x6D,
  0x26, 0x06, 0xB3, 0x34, 0x47, 0x49, 0x15, 0x85, 0x65, 0xE3, 0xEE, 0x9C, 0x48, 0x36, 0x49, 0x71,
  0x5B, 0xCB, 0x31, 0x6F, 0xD7, 0x51, 0xF4, 0x59, 0x60, 0xA3, 0x9A, 0xD9, 0x02, 0xC7, 0x0C, 0xC8,
  0x0F, 0x2A, 0x48, 0xB7, 0x3A, 0xB1, 0x1F, 0x36, 0x9B, 0x42, 0xE4, 0xB3, 0x2E, 0x11, 0x8A, 0x43,
  0xAF, 0xC9, 0xBC, 0x57, 0x6B, 0xC7, 0xA1, 0x38, 0x8C, 0x66, 0xE9, 0x13, 0xE8, 0x3C, 0xFF, 0x75,
  0x12, 0x87, 0x26, 0x70, 0x40, 0x69, 0x72, 0xCD, 0x7C, 0x6F, 0xD4, 0x52, 0xD6, 0x68, 0x43, 0x14,
  0x6A, 0xCB, 0xFC, 0x2D, 0x83, 0xAE, 0x67, 0x1C, 0xB0, 0x1E, 0x05, 0xDD, 0x1C, 0x14, 0x99, 0x37,
  0x7F, 0xAF, 0x46, 0x71, 0x73, 0xD5, 0x2C, 0x70, 0x3C, 0x39, 0xC7, 0x5D, 0xE5, 0x3A, 0xDD, 0xF2,
  0x40, 0xA9, 0xDF, 0x4F, 0xF0, 0xB0, 0x70, 0xB9, 0x6D, 0xF7, 0xA5, 0xD6, 0xAA, 0xFC, 0x81, 0xB2,
  0xDC, 0x5C, 0x09, 0xED, 0x03, 0x83, 0x85, 0x8D, 0xBF, 0xF7, 0x60, 0x8F, 0x1B, 0x09, 0x61, 0xA5,
  0xB8, 0xC8, 0x80, 0x10, 0x13, 0x5F, 0xFD, 0xBD, 0xF3, 0x8D, 0xD3, 0xC0, 0x84, 0x68, 0x1D, 0xC3,
  0x43, 0x06, 0xBA, 0xBF, 0x44, 0xA7, 0x4F, 0x89, 0x2B, 0x62, 0x52, 0xA9, 0x8E, 0x13, 0x42, 0x28,
  0x36, 0xB1, 0x47, 0xEB, 0xD2, 0x84, 0xC5, 0xB0, 0x98, 0x70, 0x2F, 0xC3, 0x73, 0xCA, 0xA2, 0x80,
  0x63, 0x35, 0x13, 0x37, 0x69, 0x0D, 0x82, 0x06, 0xF9, 0x81, 0x98, 0xA5, 0x37, 0x13, 0x02, 0xE6,
  0xCB, 0x35, 0x8B, 0x8D, 0x68, 0x63, 0xDC, 0x6D, 0xCC, 0xAC, 0x08, 0xFD, 0xB5, 0x50, 0xF6, 0x77,
  0x69, 0x11, 0x7F, 0x92, 0x5D, 0xB0, 0x69, 0x5A, 0x6C, 0x22, 0x02, 0x00, 0x5F, 0xAC, 0xA3, 0x58,
  0x99, 0x85, 0xC4, 0x92, 0x91, 0xDE, 0x78, 0x24, 0x1D, 0x7C, 0xFB, 0x98, 0x3C, 0xF8, 0xB9, 0xDE,
  0x1C, 0xE1, 0xE1, 0xE3, 0x3B, 0xD6, 0x13, 0xD8, 0x26, 0x56, 0x94, 0xF4, 0xF2, 0x3D, 0x9A, 0xFC,
  0x62, 0xDA, 0x13, 0xA5, 0x58, 0x86, 0x40, 0x23, 0x21, 0x84, 0x4D, 0x8E, 0x60, 0x57, 0x4C, 0xA3,
  0x0F, 0x3D, 0xDD, 0x83, 0x9A, 0x86, 0x75, 0x64, 0xE9, 0xEC, 0x2B, 0x76, 0x9E, 0xAA, 0x90, 0x89,
  0x69, 0xFF, 0xC5, 0x24, 0xA3, 0x45, 0x92, 0x2A, 0xDE, 0x4B, 0x41, 0xB6, 0xAD, 0x66, 0x3E, 0x8B,
  0x9A, 0xB7, 0x48, 0x4A, 0x09, 0xF0, 0xA4, 0xC3, 0x89, 0xB5, 0xA1, 0x3C, 0x27, 0x1D, 0x80, 0xE9,
  0x95, 0x09, 0x80, 0xFF, 0x8C, 0xCF, 0x2F, 0x6D, 0xBE, 0xEA, 0xA7, 0x69, 0x8A, 0x34, 0x54, 0xB6,
  0x11, 0xB0, 0x9E, 0xFC, 0x5B, 0x86, 0x6F, 0xBD, 0x58, 0x21, 0x22, 0xD7, 0xF3, 0x62, 0xE2, 0x67,
  0x3D, 0x8D, 0x0D, 0x6B, 0x06, 0x43, 0x65, 0xD7, 0x0A, 0xE8, 0x06, 0x2D, 0x8F, 0x60, 0x20, 0xD3,
  0xDC, 0xB2, 0x2F, 0xC3, 0x5F, 0x3B, 0xBD, 0xFE, 0x3F, 0x7F, 0xE3, 0x5A, 0xB7, 0x55, 0xC1, 0x46,
  0xB8, 0x41, 0x8E, 0xF5, 0x11, 0xAB, 0x4D, 0x4B, 0xDE, 0xCF, 0x4B, 0x5B, 0xFF, 0x71, 0x68, 0x62,
  0xC9, 0x32, 0x82, 0x3F, 0xED, 0xC7, 0xF0, 0x13, 0xAB, 0x85, 0x81, 0x15, 0xFF, 0x72, 0xC8, 0x44,
  0x8D, 0xC7, 0x9E, 0x72, 0x8C, 0x91, 0x19, 0xB4, 0xEA, 0xFF, 0xBD, 0xC2, 0x6B, 0x18, 0x32, 0x7E,
  0x2D, 0x6C, 0xCA, 0xC5, 0xC4, 0xA1, 0xA8, 0x47, 0xC7, 0x7A, 0x42, 0xAA, 0x52, 0x59, 0x87, 0xBE,
  0xD6, 0xEB, 0x78, 0x48, 0xCE, 0x3F, 0xFD, 0x25, 0x08, 0x1B, 0xA2, 0x83, 0x2F, 0xF7, 0xCD, 0x03,
  0xFC, 0x21, 0xB1, 0x6E, 0xE2, 0x8E, 0x56, 0x42, 0x09, 0x67, 0x48, 0x00, 0x4E, 0xCD, 0x65, 0xF5,
  0xB6, 0xE3, 0xDA, 0x35, 0xEE, 0xC0, 0x2B, 0xF3, 0xBA, 0x1A, 0x17, 0xE6, 0x7E, 0x0F, 0x81, 0xE3,
  0xD3, 0x1F, 0xA4, 0x11, 0xF3, 0xF8, 0x69, 0x62, 0x9A, 0x72, 0xA3, 0xAF, 0xEC, 0x8E, 0x0A, 0x7A,
  0x3B, 0x12, 0x4F, 0xEC, 0x7A, 0x66, 0x7A, 0x9D, 0xA8, 0x44, 0x6F, 0x5C, 0x82, 0xEE, 0xD5, 0x67,
  0xB0, 0x1B, 0x14, 0x7F, 0x75, 0xBB, 0x7F, 0xB4, 0xFC, 0xD0, 0xA7, 0x36, 0x29, 0xC7, 0x61, 0x3B,
  0x9A, 0x30, 0x8C, 0xBD, 0x42, 0x2D, 0x4E, 0x51, 0x9C, 0xD4, 0x67, 0xAB, 0x9B, 0x5C, 0xFC, 0xC9,
  0x80, 0x2F, 0xA2, 0x9C, 0x7A, 0x15, 0x11, 0x75, 0x80, 0x62, 0x37, 0x39, 0xBD, 0x75, 0x77, 0xA1,
  0x6C, 0xE6, 0x76, 0xF0, 0x46, 0x56, 0xD1, 0x74, 0xBA, 0xC9, 0xF7, 0x13, 0xD5, 0xDF, 0xFD, 0x60,
  0xEA, 0x03, 0xC5, 0x34, 0x93, 0x15, 0x7B, 0xFC, 0x56, 0x27, 0xAC, 0xC3, 0x9D, 0x00, 0x7D, 0x7D,
  0xD1, 0xF3, 0x4E, 0x85, 0x8C, 0xF3, 0xFF, 0x0F, 0x9F, 0xE1, 0x45, 0x1F, 0x88, 0x98, 0x3A, 0xD0,
  0xDA, 0x2E, 0x1B, 0xE6, 0x8C, 0xCE, 0xAE, 0xCE, 0xAD, 0x35, 0x8F, 0x60, 0x2A, 0x02, 0x4D, 0x20,
  0x66, 0x4A, 0xF0, 0x91, 0xBC, 0x58, 0x3E, 0xF8, 0x99, 0x0F, 0x46, 0xE4, 0x46, 0x00, 0x7B, 0x90,
  0x55, 0xD1, 0x64, 0x8B, 0xA2, 0x24, 0xD6, 0xC4, 0x5C, 0x76, 0xF2, 0x27, 0xCE, 0xB4, 0x0B, 0xD3,
  0x6C, 0xFD, 0x4F, 0x7E, 0x99, 0xE0, 0xF8, 0x4F, 0x8E, 0x54, 0xDA, 0xD7, 0x82, 0x1A, 0xF4, 0xA8,
  0x9C, 0x1E, 0xEF, 0xC3, 0x8C, 0x72, 0x26, 0x68, 0x38, 0x89, 0x17, 0xAD, 0x52, 0xF8, 0xFE, 0xD5,
  0xDB, 0x20, 0x6A, 0xFE, 0xA8, 0x6E, 0xBE, 0x15, 0x03, 0xF0, 0x24, 0x9C, 0x1D, 0x01, 0x69, 0xF0,
  0x4F, 0x2C, 0xE4, 0x8B, 0x05, 0x94, 0x4D, 0xD9, 0x7B, 0x95, 0x51, 0x7B, 0xB8, 0xD4, 0xB9, 0x0E,
  0x40, 0xFD, 0x87, 0xE5, 0x81, 0x9B, 0xF3, 0x5F, 0x52, 0x80, 0xE5, 0x43, 0xC1, 0xE0, 0x4D, 0xC5,
  0xAD, 0x57, 0xE9, 0xF0, 0x0C, 0x90, 0x32, 0x69, 0xDC, 0x4E, 0x76, 0x0E, 0x7C, 0x40, 0x8F, 0x58,
  0x81, 0x26, 0x79, 0xC5, 0xA8, 0x3C, 0x49, 0xEA, 0xB3, 0x1B, 0xF3, 0xDF, 0x7E, 0x9D, 0x03, 0x07,
  0x03, 0xAD, 0xB8, 0xF6, 0x28, 0x47, 0xFD, 0x37, 0x2D, 0x1B, 0x38, 0xD4, 0xEA, 0x2D, 0x7B, 0xB3,
  0x8E, 0xCD, 0x1C, 0xCC, 0x07, 0x00, 0x51, 0x36, 0x0D, 0x8E, 0x25, 0x0A, 0xB4, 0x4C, 0x40, 0x1C
};

static const uint8_t emb_Aida_1[] = {
  0xE1, 0xC2, 0xEA, 0x3C, 0x99, 0x82, 0xC8, 0xB0, 0xCF, 0xC7, 0x36, 0x99, 0x05, 0x9B, 0x08, 0x66,
  0xAB, 0x8F, 0xDD, 0xE9, 0x75, 0xFA, 0x75, 0x63, 0x08, 0x5B, 0x8F, 0x95, 0x70, 0x71, 0xE3, 0x2C,
  0xE7, 0x89, 0x29, 0x05, 0x9F, 0x83, 0xE9, 0x27, 0x34, 0xAD, 0xDF, 0xD7, 0xD9, 0xFC, 0x34, 0x78,
  0x8C, 0xFD, 0xC2, 0x08, 0xD4, 0x25, 0x85, 0x6D, 0xA3, 0x1D, 0x83, 0x3C, 0x21, 0x88, 0xA9, 0x27,
  0x3D, 0xE5, 0x8A, 0xCC, 0x28, 0xE8, 0xCD, 0xF9, 0xD4, 0x00, 0x16, 0x2F, 0xF2, 0x64, 0x26, 0x75,
  0x9A, 0x5C, 0x47, 0x05, 0xDB, 0x60, 0xAC, 0xCA, 0xD4, 0x31, 0xF2, 0xAB, 0x8A, 0x92, 0x1F, 0x23,
  0x23, 0x53, 0x47, 0xF2, 0x04, 0x11, 0xC6, 0x16, 0x0B, 0xA4, 0x9B, 0x0E, 0xC7, 0x50, 0x8B, 0xCF,
  0x3F, 0x22, 0xC4, 0x89, 0xBE, 0x63, 0x04, 0x0D, 0x20, 0xB0, 0x78, 0xE9, 0xB5, 0x77, 0x8A, 0x0E,
  0x8E, 0x03, 0xB5, 0xBA, 0x3D, 0x57, 0x85, 0x39, 0xED, 0xC8, 0x7A, 0xE0, 0x90, 0x2B, 0x95, 0xAD,
  0x36, 0x10, 0xD6, 0xBC, 0xD7, 0xF7, 0xDB, 0xC9, 0xCD, 0x1F, 0xBD, 0x61, 0x29, 0x3A, 0xA0, 0x0A,
  0x76, 0xC2, 0x4B, 0xF5, 0x1F, 0xF3, 0x3C, 0xE0, 0x80, 0x5F, 0x9C, 0xC6, 0x01, 0x6C, 0xAF, 0xEA,
  0xC7, 0x2D, 0xE3, 0xAE, 0xCD, 0x67, 0xDF, 0xC7, 0x71, 0x3E, 0x5D, 0x01, 0x64, 0xE8, 0xEB, 0x07,
  0x05, 0x75, 0x2A, 0x2E, 0x82, 0x8B, 0xCB, 0xC9, 0xDC, 0x8E, 0xCD, 0x39, 0xB2, 0x1E, 0xC3, 0x2E,
  0xE2, 0x83, 0xFA, 0x8D, 0x42, 0xC4, 0x2B, 0x12, 0x2A, 0xA7, 0xF0, 0x99, 0x75, 0xDD, 0x63, 0x5C,
  0xE4, 0xD9, 0xC3, 0x65, 0x3D, 0xE7, 0xE3, 0x59, 0x94, 0xD6, 0xED, 0x5A, 0xC9, 0xB0, 0x11, 0xF5,
  0xB1, 0x29, 0xA9, 0x6A, 0x50, 0xE0, 0xF0, 0x1D, 0x0B, 0xA3, 0x24, 0xD8, 0xCF, 0x79, 0x05, 0x0B,
  0x9B, 0x45, 0xE4, 0x3C, 0x68, 0xCD, 0x25, 0xCB, 0xE3, 0xEC, 0x3C, 0x49, 0x6F, 0x01, 0xB1, 0x44,
  0xDC, 0xD0, 0xBB, 0xB1, 0x64, 0x74, 0xC6, 0x56, 0x84, 0x53, 0x26, 0xE7, 0x41, 0x35, 0xA5, 0x78,
  0x90, 0xB5, 0xF7, 0xD7, 0x19, 0x6E, 0x66, 0xE9, 0x38, 0xDF, 0xAD, 0x6C, 0x45, 0xAD, 0xBC, 0xD6,
  0x55, 0x6E, 0xEE, 0x2C, 0xD5, 0x7C, 0xA5, 0x96, 0xA5, 0x80, 0xFB, 0x9F, 0x78, 0x2F, 0x1A, 0x59,
  0xE6, 0x2E, 0xFE, 0xA2, 0x81, 0x7D, 0xEE, 0x84, 0x61, 0x39, 0xED, 0xD6, 0xCF, 0x99, 0x8E, 0x20,
  0xA1, 0xC3, 0x8A, 0xFD, 0xD4, 0xE4, 0xCF, 0x26, 0x19, 0x7D, 0xA1, 0x17, 0x9D, 0x1E, 0x1D, 0x15,
  0x8C, 0x86, 0x2D, 0x2F, 0xE8, 0xA8, 0xA9, 0x68, 0x38, 0x0A, 0x14, 0xB8, 0x0F, 0x69, 0xBC, 0x1B,
  0x68, 0x1B, 0x24, 0xBB, 0x4E, 0xD1, 0x68, 0x64, 0x19, 0xA2, 0xA1, 0xA5, 0xF7, 0x9F, 0x8D, 0xF9,
  0x0E, 0x59, 0x00, 0x6E, 0xB0, 0xC5, 0x47, 0x09, 0x41, 0x54, 0x66, 0x3D, 0xC9, 0x8F, 0x09, 0x82,
  0x30, 0x0D, 0xA4, 0x73, 0xD8, 0xE5, 0x8F, 0x31, 0x56, 0x19, 0x8F, 0x74, 0xFC, 0xD0, 0xE9, 0xD3,
  0x7D, 0x13, 0xC3, 0xE2, 0xE0, 0x16, 0xA4, 0x91, 0x21, 0x9A, 0x98, 0x2D, 0x91, 0xD1, 0x28, 0x6C,
  0xCA, 0x21, 0xFF, 0xB6, 0xE6, 0xA5, 0x57, 0x23, 0x3A, 0x2D, 0x65, 0xD4, 0xC3, 0xFE, 0x02, 0xE2,
  0x87, 0x21, 0xC8, 0x4A, 0x0A, 0x4A, 0x56, 0x45, 0x5A, 0x81, 0x57, 0xA3, 0x73, 0x55, 0x86, 0xC8,
  0x3E, 0x02, 0x56, 0x64, 0xAC, 0x7F, 0xC5, 0x78, 0x71, 0xDD, 0xBE, 0xD5, 0x76, 0x8E, 0xBF, 0x36,
  0xDC, 0xD8, 0x84, 0x4F, 0xB7, 0x03, 0x58, 0xBE, 0x1B, 0xE7, 0xF9, 0xF3, 0x75, 0xE3, 0x94, 0xEB,
  0x1F, 0x53, 0x56, 0x61, 0xB2, 0x38, 0x09, 0xF0, 0x59, 0x88, 0xEC, 0xCC, 0xC6, 0x65, 0x4D, 0xF0,
  0xA0, 0x95, 0x50, 0x4F, 0xB9, 0x94, 0x02, 0x69, 0x41, 0x5C, 0xF3, 0xA5, 0x96, 0x6E, 0x7C, 0xD1,
  0xB5, 0x5F, 0x55, 0x11, 0xAF, 0x03, 0x96, 0xFD, 0x2D, 0xF4, 0xB0, 0xC1, 0xF5, 0xB5, 0xA3, 0x1A,
  0xD6, 0xF3, 0xA0, 0x83, 0x0F, 0xFD, 0x9E, 0x74, 0x6E, 0xF3, 0xF4, 0x7E, 0xE8, 0x6B, 0x50, 0x54,
  0xE2, 0x42, 0xF1, 0x54, 0x6D, 0xB0, 0xE8, 0x18, 0xA1, 0x56, 0x78, 0x6F, 0x08, 0x33, 0x26, 0xAB,
  0xA6, 0x2C, 0x8A, 0x79, 0xEB, 0x07, 0xE8, 0x37, 0x1C, 0x49, 0x59, 0x12, 0x52, 0x53, 0x7D, 0xAC,
  0xCD, 0x75, 0x6A, 0x14, 0x44, 0xEC, 0x1E, 0xCF, 0x2C, 0x8F, 0xBA, 0xB7, 0x02, 0x01, 0xE2, 0xA8,
  0xFE, 0x29, 0x00, 0x30, 0x65, 0x82, 0x98, 0xE8, 0xFF, 0x25, 0xAD, 0x5F, 0x2C, 0x1A, 0x33, 0x86,
  0xA4, 0xC9, 0x26, 0xF4, 0x6D, 0xF6, 0x81, 0xCC, 0x1D, 0x85, 0x09, 0x80, 0xFC, 0x20, 0x6A, 0x21,
  0xAF, 0x0F, 0x35, 0x6A, 0x5C, 0x4A, 0x49, 0x24, 0xD7, 0x63, 0xFD, 0x8A, 0x26, 0xFD, 0xC1, 0x67,
  0xE3, 0xB2, 0xE8, 0x88, 0xD8, 0xC8, 0x77, 0x87, 0x8B, 0x9D, 0x5C, 0x2B, 0x86, 0x8C, 0xB1, 0xFB,
  0x37, 0x8D, 0x4D, 0x7E, 0xE5, 0xB4, 0x00, 0x67, 0xC7, 0x40, 0xF7, 0x01, 0x53, 0x61, 0x8E, 0x61,
  0xF5, 0xD2, 0x43, 0xCB, 0x08, 0xD7, 0xFA, 0x2D, 0x80, 0xDE, 0xB5, 0xF3, 0x16, 0x47, 0xD3, 0x48,
  0x46, 0xB0, 0xCD, 0xA8, 0x53, 0xA1, 0x2C, 0xBF, 0x3F, 0xA1, 0x8F, 0xCF, 0x46, 0xC1, 0x1D, 0x15,
  0x58, 0x1A, 0x13, 0x1C, 0x31, 0xDC, 0x52, 0x62, 0x74, 0x91, 0x2B, 0x6F, 0x26, 0xF5, 0xC3, 0x52,
  0x1A, 0xDD, 0xBF, 0xEF, 0x15, 0x93, 0xE8, 0xD0, 0x0C, 0x65, 0x3E, 0x25, 0x73, 0x79, 0x89, 0xF3,
  0x01, 0x55, 0x26, 0x80, 0xDF, 0xB9, 0x12, 0xEE, 0x35, 0x22, 0xB9, 0xFE, 0x0A, 0x0F, 0xAF, 0xEF,
  0x15, 0xDC, 0x1E, 0x50, 0x6E, 0xE7, 0xD9, 0x4A, 0x6D, 0x4B, 0xC0, 0x41, 0xFE, 0x31, 0xCD, 0xB6,
  0x64, 0x7A, 0xE5, 0x1B, 0x94, 0x69, 0x41, 0x6C, 0xCD, 0x57, 0x1C, 0xF9, 0x0D, 0xE0, 0x0A, 0x0C,
  0xA6, 0x9F, 0x09, 0x97, 0xCC, 0xDD, 0xE4, 0x9A, 0x94, 0xA0, 0x1D, 0xDB, 0x29, 0xC4, 0x82, 0x8D,
  0xE4, 0xA1, 0xE0, 0xB7, 0x56, 0x45, 0x20, 0x7F, 0x4C, 0x52, 0x7C, 0xA1, 0xD9, 0x99, 0xB1, 0x81,
  0xCF, 0xA2, 0x53, 0xE0, 0xE5, 0x57, 0x14, 0x9C, 0x16, 0xDB, 0x8C, 0x6D, 0xE2, 0xE8, 0xD3, 0xDF,
  0xC8, 0x44, 0x05, 0xA5, 0xE2, 0x12, 0xC8, 0x31, 0x76, 0xD7, 0xF9, 0xEC, 0xA7, 0x90, 0x9A, 0x81,
  0xAE, 0x14, 0xAA, 0x9D, 0x70, 0xD9, 0x59, 0x9F, 0xCE, 0x5A, 0x24, 0x7A, 0xDC, 0xD8, 0x68, 0x13,
  0x8C, 0x34, 0x22, 0xB9, 0xF3, 0x79, 0xDE, 0xA4, 0x6F, 0x24, 0xE7, 0xFF, 0xA2, 0x8D, 0xC8, 0x03,
  0xBA, 0x5E, 0x0E, 0xC5, 0x6F, 0xD4, 0xF6, 0x57, 0x84, 0x03, 0x0F, 0x06, 0xD3, 0x94, 0xD9, 0x1F,
  0xFA, 0xCE, 0x27, 0xB9, 0x0B, 0x6F, 0x39, 0x6F, 0xD1, 0xE4, 0x37, 0x0E, 0x3D, 0x57, 0xBC, 0xDD,
  0xE4, 0x31, 0x5E, 0xE9, 0x70, 0xF0, 0x60, 0x0E, 0x29, 0x61, 0x08, 0x88, 0x9D, 0x23, 0xFE, 0xE6,
  0xA4, 0x7D, 0x1D, 0x70, 0xF6, 0x90, 0xD5, 0x22, 0x69, 0xB0, 0xAD, 0x14, 0x61, 0x16, 0x9A, 0x30,
  0xE8, 0xA1, 0x10, 0x12, 0x25, 0xFE, 0xD7, 0xA6, 0xEE, 0x45, 0xD3, 0xEC, 0x0E, 0x25, 0x4F, 0x0B,
  0xF5, 0x6C, 0x59, 0x5D, 0x31, 0xA2, 0xE9, 0xD1, 0x71, 0xC1, 0xE7, 0xCB, 0xB5, 0xDE, 0x8F, 0xF0,
  0x55, 0xB7, 0x56, 0x6B, 0x4E, 0x20, 0xE4, 0xED, 0x85, 0xE9, 0x83, 0xE0, 0x8D, 0x60, 0x26, 0x61,
  0xBB, 0x7E, 0x37, 0xB9, 0x92, 0xCD, 0xD0, 0x77, 0x52, 0xC6, 0xDF, 0xDB, 0xA0, 0x5B, 0x1C, 0xF6,
  0x40, 0x59, 0x98, 0xC7, 0x62, 0xF3, 0x25, 0x7B, 0xE7, 0x0B, 0xAC, 0x3D, 0xA1, 0xDE, 0x14, 0x58,
  0xA3, 0xC8, 0x45, 0x8B, 0x74, 0x16, 0x9D, 0x8A, 0x56, 0x51, 0x6E, 0xA0, 0x87, 0x36, 0x25, 0x1B,
  0x4E, 0xB2, 0x4D, 0x83, 0x60, 0xC6, 0x46, 0x90, 0xE0, 0x1F, 0xD0, 0x35, 0x4F, 0xF7, 0x2B, 0x7E,
  0xC2, 0x17, 0x35, 0x9A, 0x12, 0x12, 0xEB, 0x6E, 0x27, 0xBB, 0x1E, 0xA7, 0x70, 0x30, 0x6E, 0x8F,
  0x22, 0xA4, 0x98, 0xBB, 0xC7, 0xA7, 0x90, 0xBD, 0x4E, 0x49, 0x63, 0x9A, 0x49, 0xB2, 0xC5, 0xCA,
  0xA6, 0xBE, 0x43, 0xE1, 0x76, 0x38, 0x9D, 0xE0, 0x4A, 0x54, 0x02, 0x1C, 0x5E, 0x28, 0x09, 0xD6,
  0x70, 0xF7, 0xB4, 0xEA, 0x5B, 0xE9, 0x1E, 0x13, 0xA0, 0xBB, 0xEF, 0x8F, 0x6E, 0x3A, 0x3A, 0x88,
  0xFC, 0xA5, 0x3D, 0x87, 0x84, 0x7B, 0x82, 0xD1, 0x92, 0x1B, 0x62, 0x1A, 0x32, 0xD9, 0xF6, 0x64,
  0x81, 0xAF, 0x1D, 0x3B, 0xFD, 0x3A, 0x08, 0x46, 0x64, 0x68, 0x69, 0x5E, 0xF9, 0x2B, 0x68, 0x26,
  0x15, 0xAA, 0x44, 0xE0, 0xA9, 0x73, 0x0E, 0x92, 0x28, 0x98, 0xC2, 0xED, 0x3D, 0xD3, 0x9C, 0x1E,
  0xBD, 0xF1, 0x42, 0x63, 0xDB, 0x81, 0x19, 0xDA, 0x7E, 0xDC, 0xA5, 0x06, 0x10, 0xBD, 0x86, 0x4C,
  0xB1, 0x40, 0x9B, 0xF1, 0xF7, 0x62, 0x6F, 0x1D, 0x90, 0xDE, 0x39, 0x2A, 0x3C, 0xF0, 0x55, 0xA2,
  0x64, 0x05, 0xC3, 0x2A, 0x1C, 0xD0, 0xFE, 0x6C, 0xAA, 0xB6, 0x8A, 0xED, 0x8B, 0xB1, 0x4E, 0x1E,
  0x0B, 0x6B, 0x1F, 0x9A, 0xDC, 0xD8, 0xB2, 0xC4, 0xA9, 0x78, 0x24, 0xDD, 0x61, 0x12, 0x11, 0x0E,
  0xDD, 0x70, 0xE0, 0x61, 0x9A, 0xCB, 0x5C, 0x7E, 0xDF, 0xB3, 0x93, 0x15, 0x63, 0x33, 0x7A, 0x26,
  0x68, 0x57, 0x2F, 0xE3, 0xFB, 0x16, 0xF9, 0x58, 0x04, 0xF5, 0xDB, 0x9C, 0xE6, 0x5B, 0x5F, 0xEF,
  0x93, 0x0B, 0x3E, 0x2D, 0x9B, 0x67, 0xFF, 0x6A, 0xC2, 0xF7, 0xFE, 0xC1, 0x5E, 0x69, 0xF8, 0xBB,
  0xDA, 0x31, 0xC0, 0x98, 0x27, 0x0C, 0xC6, 0x8E, 0xD4, 0xBB, 0xC2, 0x15, 0x72, 0x4E, 0x01, 0x92,
  0xBA, 0x1B, 0x29, 0xBD, 0xEF, 0x44, 0x25, 0x13, 0x47, 0xB5, 0xEE, 0x78, 0xB8, 0xAD, 0xCE, 0xD4,
  0x7C, 0xBC, 0xB7, 0x75, 0x29, 0xB8, 0x07, 0x25, 0xB4, 0xC0, 0x7E, 0x58, 0xF9, 0xDC, 0x0C, 0x05,
  0x8E, 0x79, 0xC3, 0x2B, 0x1F, 0x04, 0xDD, 0xFB, 0xB6, 0xD7, 0x47, 0xB4, 0x16, 0x7A, 0x80, 0x4F,
  0xA5, 0x5E, 0x47, 0x08, 0x83, 0x7B, 0x55, 0x67, 0xCE, 0x5E, 0x99, 0xC2, 0x66, 0xC1, 0x21, 0xF7,
  0xB8, 0xCC, 0x6A, 0x9A, 0xA8, 0xEC, 0xAF, 0x0C, 0xF5, 0x37, 0xC3, 0xA0, 0x40, 0x99, 0xBC, 0x10,
  0xFB, 0x61, 0x20, 0x8C, 0x6A, 0x81, 0x60, 0x2D, 0xEA, 0x8B, 0x9A, 0xA2, 0xAB, 0x0F, 0xF4, 0x85,
  0xAA, 0x2B, 0xFF, 0xE1, 0xE5, 0x01, 0xBA, 0x5A, 0xE9, 0xFB, 0x86, 0x7A, 0x52, 0x7B, 0x48, 0xED,
  0xCA, 0x2A, 0xCD, 0x9F, 0x00, 0xE6, 0x69, 0x7C, 0x77, 0xC9, 0xDB, 0xBF, 0xE6, 0x42, 0x73, 0x4F,
  0x4B, 0x0E, 0x9D, 0xD3, 0x5A, 0xB4, 0xC7, 0xEF, 0xCD, 0xAB, 0xE3, 0x60, 0x92, 0xAB, 0x2C, 0x4C,
  0x01, 0x9E, 0x7E, 0xF9, 0x37, 0xB9, 0xFF, 0x55, 0x5F, 0xBA, 0x59, 0x69, 0x45, 0x54, 0x80, 0x26,
  0x4B, 0xBD, 0x3D, 0x75, 0x34, 0x68, 0xA5, 0xD1, 0xF2, 0x1D, 0x77, 0xA6, 0x4A, 0x39, 0x3C, 0x2A,
  0x89, 0xBF, 0x91, 0xA6, 0x71, 0xDA, 0x74, 0xCA, 0xAB, 0x43, 0x8F, 0xE6, 0x1A, 0xC9, 0x36, 0x79,
  0xDD, 0x4A, 0xB9, 0xDE, 0x4F, 0xA1, 0xA3, 0x6F, 0x5E, 0x4F, 0x79, 0x77, 0xC7, 0xF9, 0x65, 0x50,
  0xEB, 0x6C, 0x1D, 0x80, 0x96, 0x03, 0xB5, 0x43, 0x89, 0x19, 0xE1, 0x61, 0x23, 0x7D, 0x98, 0x99,
  0xDF, 0xC6, 0x13, 0x50, 0x7A, 0xBC, 0xF4, 0xFF, 0x6B, 0x97, 0xD8, 0x4E, 0xE8, 0x2A, 0x53, 0xFB,
  0xE1, 0x80, 0x8C, 0x8F, 0x56, 0xCA, 0x42, 0x33, 0x20, 0x45, 0x2A, 0x06, 0x15, 0xCD, 0x6A, 0x34,
  0x1B, 0xD8, 0x91, 0x21, 0x77, 0x1D, 0x04, 0xCB, 0xB6, 0x0D, 0xCB, 0xFC, 0xD7, 0x69, 0x82, 0x73,
  0x02, 0xE2, 0x64, 0xDB, 0xCB, 0x4E, 0x14, 0xA1, 0x47, 0x27, 0x71, 0x36, 0x30, 0xCE, 0x84, 0x96,
  0x96, 0xFA, 0x07, 0x66, 0xF0, 0x0F, 0xED, 0xF2, 0x5F, 0x41, 0x1B, 0x44, 0x4D, 0xD8, 0xCB, 0x6E,
  0x2D, 0xE1, 0xA6, 0x5E, 0x5C, 0xD1, 0x26, 0x9A, 0x6D, 0xD8, 0x70, 0xF6, 0x73, 0x38, 0xB6, 0xEA,
  0xE0, 0xA5, 0x4B, 0xC2, 0x4E, 0x0D, 0x40, 0xB4, 0xAE, 0xEF, 0x24, 0x66, 0x49, 0x86, 0x63, 0x62,
  0xAD, 0x7E, 0x02, 0xE9, 0x00, 0x77, 0x2B, 0xEC, 0x71, 0x21, 0x1B, 0x53, 0x77, 0x1C, 0xE8, 0x60,
  0xF0, 0xA4, 0xBB, 0x79, 0xF4, 0x79, 0x38, 0x69, 0xF4, 0x56, 0xB2, 0x56, 0xB4, 0x95, 0xA5, 0xE7,
  0x3C, 0x6F, 0xD7, 0xC9, 0x3E, 0x8B, 0xEE, 0x38, 0x02, 0x04, 0x6A, 0x9D, 0xA1, 0x81, 0x18, 0x4A,
  0x99, 0xF9, 0x3F, 0xD0, 0x29, 0x86, 0xC4, 0x7C, 0xAE, 0x0D, 0xD9, 0x38, 0x3D, 0x2C, 0x0A, 0x8D,
  0x24, 0x2C, 0x3C, 0xA3, 0x68, 0x80, 0xBB, 0xB0, 0x2C, 0xE0, 0xDF, 0x92, 0xB7, 0x32, 0x5F, 0x5D,
  0x6F, 0x3D, 0xF6, 0xAA, 0xB1, 0x54, 0x92, 0xA3, 0xFC, 0x9A, 0xB0, 0x62, 0x7C, 0x9B, 0xDA, 0xE0,
  0x0B, 0xFB, 0x95, 0x50, 0x02, 0x92, 0x3E, 0x14, 0x43, 0xC8, 0xCE, 0x43, 0x9C, 0xC9, 0xFC, 0xAC,
  0x1F, 0x2B, 0x57, 0x77, 0x2B, 0x3D, 0x71, 0xDF, 0xA8, 0x90, 0x14, 0xEA, 0xC7, 0x7E, 0x18, 0x50,
  0x4E, 0x69, 0xA7, 0xDC, 0xFC, 0xEB, 0xF8, 0x52, 0xEA, 0xF6, 0x70, 0x95, 0xE0, 0x59, 0xEB, 0x02,
  0x8C, 0x5E, 0x4E, 0xBF, 0x74, 0xFD, 0x98, 0xCA, 0x4B, 0x0E, 0xD4, 0x05, 0xF3, 0x02, 0x95, 0xF0,
  0x17, 0x86, 0x5E, 0xD0, 0x34, 0xC4, 0x0C, 0x11, 0x43, 0x6F, 0x81, 0x1E, 0xD1, 0xA6, 0x13, 0xC9,
  0x25, 0xAA, 0x5F, 0xAC, 0x26, 0xB8, 0x2D, 0x37, 0x25, 0x85, 0xCD, 0x3B, 0xDF, 0x33, 0xFE, 0xFD,
  0x6E, 0x2C, 0x63, 0x73, 0x90, 0xB6, 0xF8, 0xAF, 0xFE, 0xC3, 0x85, 0xCD, 0x0D, 0x82, 0x4E, 0x6A,
  0x42, 0x82, 0x3A, 0x25, 0x7D, 0xDA, 0xC5, 0x0D, 0xBC, 0xBB, 0xB2, 0x16, 0xAE, 0x02, 0xD3, 0x11,
  0xAF, 0x4A, 0x2A, 0x2E, 0x0C, 0x6C, 0x0B, 0x1B, 0x02, 0xE8, 0xE1, 0xF3, 0x2F, 0xD8, 0x59, 0x36,
  0xA6, 0xDA, 0x05, 0x2F, 0x3C, 0x8A, 0xB6, 0x1D, 0x20, 0x0C, 0x43, 0x9F, 0x28, 0x3C, 0xD8, 0xDE,
  0x9E, 0x1C, 0x1D, 0x9C, 0x09, 0x4C, 0x6D, 0x85, 0xCF, 0x1B, 0x17, 0x44, 0xEF, 0xCB, 0x09, 0xFB,
  0x31, 0x62, 0x3E, 0x5B, 0xEC, 0x2C, 0xBA, 0xEF, 0x11, 0xA8, 0x2B, 0xED, 0xF8, 0x70, 0xE3, 0x05,
  0xDD, 0xEA, 0xA4, 0x23, 0x9E, 0xD3, 0x5D, 0x6D, 0x78, 0x04, 0x2E, 0x56, 0x9A, 0xFB, 0xFC, 0x40,
  0xBD, 0xD2, 0x49, 0x38, 0xC8, 0x05, 0x06, 0xA3, 0xB3, 0xC3, 0x7B, 0xF0, 0x38, 0x0C, 0x9F, 0x6A,
  0x46, 0xB5, 0xA8, 0x5C, 0xDE, 0x74, 0x0E, 0xD5, 0x6E, 0x7F, 0xBC, 0x23, 0x36, 0x0F, 0x01, 0x5D,
  0xC6, 0x28, 0x2D, 0x76, 0xE2, 0xB6, 0xCC, 0x91, 0xF8, 0xDD, 0xB1, 0x0E, 0x80, 0xB2, 0x22, 0xF8,
  0x16, 0x6F, 0x98, 0x3A, 0x65, 0x10, 0xBA, 0x7B, 0xB6, 0x13, 0x0E, 0x0B, 0x6A, 0x54, 0x37, 0xA9,
  0xDC, 0x12, 0xCA, 0x92, 0x32, 0x39, 0x3A, 0xEE, 0x23, 0x85, 0x51, 0x27, 0x7E, 0xBE, 0xEF, 0xAC,
  0xCE, 0x96, 0x48, 0x55, 0x75, 0x54, 0xB8, 0x53, 0xEA, 0xE8, 0x83, 0x3B, 0x54, 0x56, 0xED, 0x00
};

static const uint8_t emb_Aida_2[] = {
  0xC0, 0xF6, 0x3C, 0x60, 0xA2, 0x23, 0x3B, 0x12, 0x15, 0xA3, 0xAE, 0x8B, 0xC8, 0x95, 0x15, 0x10,
  0xC7, 0x3C, 0x51, 0x6E, 0x57, 0x57, 0xEE, 0x5B, 0x86, 0xF4, 0x0F, 0xCA, 0x18, 0xF9, 0x28, 0xFA,
  0x13, 0x27, 0xEB, 0x16, 0x82, 0xA9, 0x4C, 0xB8, 0x20, 0x5C, 0x62, 0x81, 0xA9, 0xEB, 0xBA, 0x87,
  0x48, 0xB5, 0xE2, 0xE4, 0x71, 0x35, 0x48, 0x56, 0x97, 0xFE, 0x37, 0x4C, 0xC7, 0x91, 0x5E, 0x31,
  0x63, 0xF2, 0x78, 0xF4, 0x94, 0xFA, 0xBC, 0xEB, 0x9F, 0xA0, 0xC0, 0x1D, 0xC3, 0xF1, 0x58, 0x72,
  0x59, 0xEE, 0x49, 0x9C, 0x57, 0x29, 0x7C, 0x67, 0x8A, 0x79, 0xF7, 0xE0, 0x63, 0x2C, 0x54, 0x81,
  0xC0, 0xA5, 0x63, 0x40, 0x2C, 0xEB, 0xCA, 0x61, 0x75, 0xEA, 0x9C, 0x78, 0x4B, 0x9E, 0xE7, 0x9F,
  0x86, 0x63, 0x0C, 0x80, 0x5A, 0xE5, 0xEA, 0xA6, 0x60, 0x11, 0x78, 0x5F, 0xFE, 0xAF, 0x27, 0x90,
  0x74, 0xB5, 0x6F, 0x8C, 0x08, 0x84, 0xB7, 0xE8, 0xED, 0x46, 0x42, 0xA5, 0x76, 0x8E, 0x3E, 0x08,
  0xCD, 0xB7, 0x3D, 0x28, 0x4E, 0x35, 0xBE, 0x8C, 0x38, 0x55, 0x94, 0x17, 0xBE, 0x61, 0x9B, 0x51,
  0x1A, 0x77, 0xC7, 0x08, 0x70, 0xCB, 0x32, 0xCC, 0x13, 0xA4, 0x77, 0x3D, 0x15, 0x24, 0xF2, 0x11,
  0x67, 0x5A, 0x9E, 0xD5, 0xA5, 0x6D, 0x00, 0x1A, 0x7F, 0xEF, 0xFF, 0x7E, 0x1E, 0x10, 0xC7, 0x31,
  0xBA, 0xB9, 0x1E, 0xC9, 0x35, 0xAB, 0xE2, 0x25, 0xC7, 0x9E, 0x47, 0x7E, 0x75, 0x26, 0xCA, 0x42,
  0x4F, 0xA4, 0xDB, 0xA8, 0x68, 0xB4, 0xFE, 0x8A, 0xED, 0x00, 0x62, 0x72, 0xA0, 0xBB, 0x2B, 0xE7,
  0xB1, 0x8C, 0x32, 0x9C, 0xFB, 0xF4, 0xD1, 0x04, 0x8F, 0xEE, 0x67, 0x3E, 0xF0, 0x8C, 0xAE, 0xF0,
  0xC1, 0x33, 0x40, 0x9A, 0x9B, 0xF9, 0x96, 0x45, 0x25, 0x0D, 0x66, 0x3E, 0x91, 0xDC, 0xF7, 0xCB,
  0xC7, 0x08, 0x66, 0xE5, 0xA1, 0x3B, 0xBF, 0x13, 0xF8, 0x26, 0x4D, 0x91, 0xBF, 0xA0, 0xD9, 0x7F,
  0x87, 0xF8, 0xEC, 0x0D, 0x10, 0xE7, 0xC3, 0x1C, 0x04, 0xBC, 0xF7, 0x11, 0xB9, 0x4D, 0xBD, 0x2C,
  0x74, 0x85, 0x97, 0x27, 0x85, 0xE5, 0x2E, 0x3E, 0x08, 0xD0, 0x43, 0xB2, 0x4B, 0xB2, 0xD7, 0x39,
  0x1C, 0x51, 0xF6, 0xDD, 0xB7, 0x54, 0xEF, 0xEF, 0xDD, 0x89, 0x81, 0x62, 0x13, 0x96, 0xB2, 0x1E,
  0x88, 0xB6, 0x81, 0x0E, 0x6A, 0xBE, 0xF0, 0xA9, 0x47, 0xB0, 0xA2, 0xA2, 0x7B, 0xED, 0xBE, 0x73,
  0x7D, 0x04, 0xC2, 0x39, 0xC3, 0x68, 0x75, 0xDC, 0x1D, 0x46, 0xCC, 0xA1, 0xD5, 0x66, 0xD5, 0x65,
  0xEC, 0x13, 0x34, 0x1C, 0xB2, 0x70, 0x32, 0x31, 0x0A, 0xB8, 0xB3, 0xBF, 0xA8, 0x48, 0x4E, 0x22,
  0xE4, 0x1E, 0x7B, 0xCA, 0x0B, 0x7D, 0xFB, 0xB6, 0x52, 0x75, 0xB1, 0xD9, 0x01, 0xFB, 0x46, 0xD3,
  0x96, 0x20, 0x00, 0x61, 0x66, 0x67, 0x16, 0x28, 0x68, 0x76, 0x79, 0xB1, 0x8F, 0x1A, 0xE9, 0xE0,
  0xBF, 0xC1, 0x10, 0xFE, 0xEF, 0xBF, 0xEC, 0xA9, 0xAF, 0x38, 0x66, 0x22, 0xDE, 0x24, 0xAB, 0x90,
  0x15, 0x12, 0x8E, 0x69, 0x8C, 0x58, 0x6A, 0xA0, 0x4D, 0x30, 0x89, 0xA9, 0xCF, 0x75, 0x59, 0x3B,
  0xD1, 0xD6, 0x36, 0x6F, 0xBD, 0x4E, 0x8D, 0xBA, 0x80, 0xDA, 0xC4, 0x87, 0x90, 0x93, 0x34, 0x30,
  0x67, 0xC1, 0xCD, 0xD6, 0x65, 0x8B, 0xEA, 0x70, 0xB5, 0xF1, 0x18, 0x03, 0xF1, 0x2D, 0xB0, 0x8D,
  0xD0, 0xBB, 0x9B, 0x01, 0x0C, 0xE5, 0x1E, 0xE5, 0x9B, 0xB8, 0xD9, 0xC6, 0xCF, 0x87, 0xEE, 0x12,
  0x89, 0x6F, 0x64, 0x47, 0xE7, 0x19, 0x3F, 0x61, 0xD5, 0xEA, 0x95, 0x90, 0x68, 0x7E, 0x75, 0x41,
  0xBD, 0xC8, 0x5E, 0x93, 0x05, 0x65, 0x94, 0x7F, 0x1F, 0xE9, 0xB9, 0xC2, 0x23, 0xC4, 0x73, 0xD2,
  0xC2, 0x32, 0x25, 0x36, 0x9D, 0x28, 0x16, 0x02, 0x30, 0x8F, 0xFC, 0x49, 0x82, 0x39, 0x8D, 0xDB,
  0x15, 0x67, 0x79, 0x06, 0x60, 0x9A, 0xC5, 0x9A, 0xA1, 0xED, 0x3E, 0x78, 0x32, 0x25, 0xF1, 0x4B,
  0xCC, 0x09, 0x9D, 0x16, 0xD3, 0x52, 0x97, 0xD5, 0x9D, 0x9A, 0x3F, 0x0F, 0x73, 0xF1, 0x79, 0x77,
  0x88, 0x47, 0x69, 0x91, 0xCC, 0xF8, 0x6B, 0x95, 0x39, 0x90, 0x05, 0xD3, 0xFD, 0xF7, 0x8B, 0x9A,
  0x12, 0x05, 0x88, 0x13, 0xAF, 0x31, 0x26, 0x5E, 0xF2, 0x92, 0x39, 0x7A, 0x5E, 0xFA, 0x4B, 0xFC,
  0x32, 0x6C, 0x47, 0x65, 0xB0, 0x61, 0xBB, 0x2E, 0x4A, 0xB2, 0x56, 0x05, 0x22, 0x48, 0x2E, 0x50,
  0x09, 0xCC, 0x92, 0x8B, 0x2C, 0xB2, 0x56, 0xAB, 0xC7, 0xD4, 0xEA, 0xEE, 0x08, 0xA3, 0xC6, 0xAB,
  0x9D, 0xC3, 0x56, 0xAA, 0x89, 0x40, 0x5D, 0x76, 0xD0, 0xBA, 0xCD, 0xB2, 0xFF, 0x96, 0x9F, 0x7D,
  0xBD, 0xF5, 0x50, 0xBD, 0xDB, 0xDB, 0x45, 0x8B, 0x47, 0xD1, 0xA3, 0xE7, 0xFC, 0xD7, 0x73, 0xB9,
  0xAE, 0xA3, 0xF1, 0x16, 0x71, 0x45, 0xDD, 0x64, 0x0D, 0x11, 0xA5, 0xFE, 0x3E, 0x9B, 0x84, 0x7D,
  0x8C, 0x1D, 0xF8, 0x8F, 0x02, 0x20, 0x90, 0x3B, 0x0E, 0x84, 0x1C, 0xE8, 0xE3, 0x67, 0x72, 0x46,
  0x62, 0xB3, 0x18, 0x16, 0x07, 0xAC, 0xCF, 0x2C, 0x6F, 0xB9, 0xFD, 0x76, 0xE3, 0x05, 0x91, 0x95,
  0x96, 0x7D, 0x63, 0x26, 0xEA, 0x65, 0x1D, 0xE9, 0xD4, 0x1A, 0xA4, 0xCA, 0xE3, 0x89, 0x2F, 0x1E,
  0xDB, 0xDC, 0xD6, 0x0C, 0xAC, 0xDB, 0xB3, 0x28, 0xFE, 0xC6, 0xAC, 0x37, 0x78, 0x15, 0x93, 0xF9,
  0xCF, 0x5F, 0xED, 0xE5, 0x2C, 0x0E, 0xBD, 0x6B, 0x4B, 0xC6, 0xAD, 0xEE, 0x83, 0x40, 0xDB, 0x21,
  0x59, 0xFF, 0xF8, 0x68, 0xBF, 0x4F, 0xC4, 0xE7, 0xF8, 0xF5, 0xFA, 0x6E, 0x51, 0x64, 0x32, 0x2C,
  0x0D, 0xB5, 0x0A, 0x50, 0xE2, 0x61, 0x44, 0x68, 0x86, 0xB3, 0xD9, 0x17, 0xE1, 0x08, 0xE6, 0x03,
  0x3E, 0xAB, 0xDD, 0x7D, 0xE3, 0xFF, 0x54, 0x9E, 0x30, 0xCC, 0xBD, 0xA7, 0xF4, 0x7D, 0x96, 0xA7,
  0x40, 0xDC, 0xC5, 0x82, 0x92, 0x70, 0xB6, 0xFD, 0xDF, 0x94, 0xB2, 0x2D, 0x06, 0xCC, 0xB1, 0xB8,
  0x82, 0x2C, 0xDE, 0x9E, 0x04, 0x6F, 0x18, 0xBB, 0xC0, 0xFA, 0x1F, 0x29, 0x3B, 0xF6, 0x44, 0xF7,
  0x77, 0x24, 0x73, 0x1D, 0x73, 0xA3, 0x0A, 0x49, 0x9B, 0x16, 0x7A, 0x66, 0xA7, 0xD3, 0x61, 0xE3,
  0x00, 0x0E, 0xC0, 0x88, 0xDC, 0xBF, 0x32, 0xA6, 0x09, 0x8D, 0x30, 0x26, 0xBF, 0x74, 0x7A, 0xDD,
  0x07, 0x10, 0xB0, 0x35, 0x30, 0x66, 0xFF, 0x6C, 0xB1, 0xE7, 0xE6, 0xB3, 0xF6, 0x6B, 0x7E, 0x1A,
  0xEC, 0x92, 0x38, 0x2C, 0x6A, 0xAE, 0xD7, 0xE8, 0x83, 0xE3, 0xD2, 0xF6, 0xA7, 0xF3, 0x1C, 0x11,
  0xCA, 0x68, 0xBE, 0x01, 0xE0, 0x70, 0x2A, 0xED, 0x5B, 0xAA, 0xA3, 0x37, 0xF8, 0x65, 0xDC, 0xD7,
  0x04, 0x1B, 0x85, 0x41, 0x45, 0xE3, 0xA6, 0xFD, 0x9C, 0x03, 0x4D, 0x6F, 0xB9, 0xFE, 0xFF, 0x77,
  0xAB, 0xD0, 0x01, 0x57, 0xCF, 0x10, 0x5C, 0x84, 0xC8, 0x24, 0x74, 0x02, 0xAE, 0x53, 0x06, 0x83,
  0x58, 0xF7, 0x26, 0xB8, 0xE3, 0xA2, 0xE3, 0xB6, 0x87, 0x6C, 0x6B, 0x5A, 0x15, 0xD9, 0xA4, 0x93,
  0xEE, 0xEB, 0x06, 0x4F, 0xE4, 0x6B, 0x5B, 0x91, 0x0C, 0xC0, 0xB0, 0x0B, 0xFC, 0xA3, 0x59, 0xB5,
  0x68, 0xCA, 0xCA, 0x39, 0xDB, 0x79, 0xB9, 0x44, 0xA0, 0xC1, 0xFA, 0x91, 0x86, 0xAA, 0xBC, 0xD8,
  0x6B, 0x2D, 0xD2, 0x8F, 0x8F, 0xCD, 0x9F, 0xC1, 0x9B, 0xFE, 0x5B, 0x5D, 0x75, 0xD1, 0x6C, 0x33,
  0x3B, 0x5C, 0x40, 0x13, 0x63, 0x41, 0x6E, 0xD5, 0x90, 0xFD, 0x2C, 0xC3, 0x73, 0x0B, 0xAF, 0x4B,
  0x55, 0xDD, 0xBC, 0xE8, 0x68, 0x2C, 0x50, 0xBC, 0x69, 0x81, 0xC2, 0x78, 0xD0, 0x19, 0xDD, 0xC3,
  0xE9, 0xCD, 0xA4, 0xAB, 0x9E, 0xED, 0x78, 0x60, 0x78, 0xEF, 0x4A, 0x01, 0x87, 0x8E, 0x48, 0x73,
  0xD2, 0x90, 0x02, 0xC5, 0xD4, 0xE2, 0x56, 0x3D, 0x6E, 0xDE, 0x23, 0xC9, 0xC8, 0xF7, 0x65, 0xA5,
  0x19, 0x64, 0xF0, 0x95, 0xCA, 0x56, 0x7E, 0x70, 0x60, 0xF5, 0x0B, 0xB6, 0xE1, 0x98, 0x20, 0x7A,
  0x1E, 0x07, 0x89, 0xB2, 0xE9, 0x90, 0x09, 0xC5, 0xE3, 0x23, 0xB3, 0x6E, 0x2E, 0x85, 0x08, 0x7C,
  0xDE, 0x7D, 0x03, 0x24, 0xF1, 0xB1, 0x55, 0x18, 0x59, 0xB0, 0x3A, 0x8D, 0x66, 0x6E, 0x44, 0xA5,
  0x52, 0x08, 0xBE, 0x35, 0x03, 0x1E, 0x97, 0xC3, 0x63, 0x3B, 0x01, 0x81, 0xA9, 0x42, 0xB5, 0x0C,
  0xBC, 0xC4, 0x1B, 0x2C, 0xE2, 0x53, 0xDD, 0xAB, 0x68, 0x40, 0x19, 0x80, 0x36, 0xB4, 0x0B, 0x0D,
  0x39, 0xE2, 0x69, 0x7E, 0xC8, 0x5A, 0xF0, 0x79, 0xA9, 0x6C, 0xDC, 0x73, 0x0D, 0x43, 0xB1, 0x15,
  0xC4, 0xEF, 0x22, 0xB8, 0x6A, 0x74, 0xC0, 0xC6, 0xA6, 0x87, 0xAC, 0xF0, 0x8B, 0xE7, 0x2B, 0xC0,
  0xE7, 0x7D, 0x5E, 0x30, 0xEC, 0x52, 0x2A, 0xC4, 0x32, 0x48, 0xC9, 0x4D, 0xFC, 0xED, 0x06, 0xF5,
  0x7F, 0x4B, 0xF3, 0xE0, 0xE3, 0x1D, 0x7E, 0xD0, 0x29, 0x23, 0x30, 0xD9, 0xA6, 0x1B, 0x28, 0x3B,
  0x0C, 0xDE, 0x94, 0x01, 0x39, 0x28, 0xDF, 0x22, 0x6E, 0x47, 0x9C, 0xAD, 0x57, 0x43, 0xAA, 0x8C,
  0x38, 0xEF, 0xC6, 0x9E, 0x8D, 0xD2, 0x19, 0x8D, 0x47, 0x24, 0x11, 0xD7, 0x94, 0xEB, 0x95, 0x3E,
  0x8C, 0xD7, 0x7A, 0x7F, 0x65, 0xC6, 0x51, 0x36, 0xA3, 0x8C, 0x1F, 0x26, 0x32, 0x80, 0xBE, 0xA7,
  0x07, 0x58, 0xAA, 0xF6, 0xAA, 0x2D, 0xC9, 0xDF, 0x43, 0x46, 0x4A, 0x25, 0x3A, 0x1A, 0x7B, 0xBB,
  0x9E, 0x49, 0x18, 0x6C, 0xA5, 0x7E, 0x10, 0x97, 0xB6, 0xBA, 0xF4, 0xD7, 0x57, 0x60, 0x76, 0x00,
  0xD9, 0xCE, 0x1A, 0xB2, 0x22, 0x9D, 0x59, 0xE2, 0x19, 0xA5, 0x4C, 0x77, 0x86, 0xB6, 0x39, 0x6F,
  0x09, 0xDB, 0x70, 0xB0, 0x41, 0xFD, 0xF4, 0x4E, 0x89, 0x6D, 0x85, 0x3E, 0xE1, 0x55, 0xFD, 0xEC,
  0x78, 0x22, 0xA5, 0x74, 0x61, 0x3D, 0x13, 0x52, 0x24, 0xD6, 0xB3, 0x71, 0x2D, 0x87, 0xFC, 0xDE,
  0x0F, 0xEF, 0xDF, 0x00, 0x7E, 0xDD, 0xD3, 0x55, 0xBD, 0x6B, 0x93, 0x26, 0xE5, 0x91, 0xE9, 0xB0,
  0x19, 0x94, 0x4A, 0xA7, 0x86, 0x65, 0x98, 0x72, 0x31, 0xC2, 0x9B, 0xF5, 0x01, 0xFD, 0xFE, 0x8B,
  0x3B, 0x45, 0x04, 0x4C, 0xE7, 0x73, 0xB4, 0x34, 0x9C, 0xD8, 0x4F, 0xB3, 0x1B, 0xF3, 0x9D, 0x2C,
  0x50, 0xF1, 0x7C, 0x3C, 0xBA, 0xF6, 0x89, 0x63, 0xA3, 0x3C, 0x7C, 0x94, 0x72, 0xA5, 0x26, 0xBE,
  0x8C, 0xFA, 0x9E, 0xBE, 0x0F, 0x06, 0xC6, 0xE5, 0x8E, 0xBD, 0x6D, 0xAF, 0xD5, 0xEA, 0x6A, 0x87,
  0xF6, 0xC7, 0x0B, 0x1A, 0x58, 0xC2, 0x9A, 0x8B, 0xA1, 0xF9, 0xAC, 0xFE, 0x56, 0x4F, 0xCA, 0x10,
  0x20, 0x7C, 0x88, 0x56, 0x42, 0xB5, 0x30, 0xB4, 0x6F, 0xBF, 0x4C, 0x9A, 0xE3, 0x64, 0x5C, 0x6C,
  0x29, 0x95, 0x57, 0xF4, 0x3B, 0xAE, 0xB8, 0x56, 0x6F, 0xEC, 0xE6, 0x55, 0x6B, 0xEE, 0x1C, 0x94,
  0xF2, 0xC9, 0x43, 0xC7, 0x68, 0x98, 0xE5, 0x6C, 0xBE, 0x4D, 0x86, 0x3B, 0x68, 0x88, 0x9F, 0x57,
  0x7C, 0x49, 0xB1, 0xE6, 0x58, 0x70, 0x57, 0x85, 0xAC, 0x4B, 0xAE, 0x69, 0xE4, 0x2A, 0x10, 0x63,
  0xAD, 0xA3, 0x43, 0x15, 0xA1, 0xE7, 0xE1, 0xD3, 0xCE, 0x12, 0xA5, 0x3D, 0xC4, 0xDA, 0x1A, 0x5B,
  0x86, 0x21, 0x00, 0xFD, 0x45, 0x99, 0x4D, 0x59, 0x0C, 0x00, 0xA3, 0x4F, 0x1A, 0x23, 0x2E, 0xAD,
  0xDA, 0x0E, 0x4A, 0x99, 0x80, 0x1D, 0x87, 0xA0, 0x96, 0x3F, 0x5E, 0x65, 0x00, 0xE9, 0x57, 0xDB,
  0xD9, 0x24, 0x74, 0xB5, 0x4A, 0xCF, 0xB4, 0xF4, 0x82, 0x5F, 0x87, 0xE8, 0x72, 0xC1, 0x07, 0x61,
  0x55, 0x9E, 0x61, 0x07, 0xEF, 0x05, 0xF8, 0xBF, 0xE3, 0xD0, 0xAB, 0x0C, 0xDC, 0xE4, 0x8E, 0x31,
  0x05, 0x3C, 0xC7, 0x56, 0x0C, 0x3F, 0x86, 0x92, 0xE9, 0x44, 0xFF, 0x52, 0xAE, 0xDF, 0x1F, 0x6A,
  0xF2, 0x66, 0x25, 0x32, 0x01, 0x76, 0x9D, 0xFF, 0xFB, 0x0B, 0xCC, 0x73, 0x99, 0x60, 0x92, 0xB4,
  0x16, 0x6A, 0x5D, 0x3E, 0x60, 0x7C, 0xE1, 0x74, 0xFC, 0xE9, 0x2E, 0x11, 0x8B, 0x6B, 0x80, 0x20,
  0x78, 0x6F, 0x81, 0x6F, 0x46, 0x57, 0x6C, 0x3E, 0xD7, 0x58, 0xA1, 0x8C, 0x0F, 0x1F, 0x8B, 0xB8,
  0x8D, 0x2C, 0xB2, 0x26, 0x49, 0x1A, 0xED, 0x37, 0x05, 0x59, 0x06, 0x9B, 0x57, 0x73, 0xA1, 0x3F,
  0xAF, 0xDC, 0xB8, 0x57, 0xB1, 0xD4, 0x5E, 0x0C, 0x9C, 0x38, 0x24, 0x20, 0xB3, 0x19, 0x9B, 0x31,
  0xD0, 0x3E, 0x05, 0x9E, 0x1E, 0x4C, 0xA3, 0xE9, 0x3D, 0x8E, 0x20, 0x7E, 0xCC, 0x56, 0x22, 0xC8,
  0x49, 0x6C, 0x1D, 0x85, 0x64, 0xAB, 0xEA, 0x30, 0x12, 0x5E, 0x17, 0x6B, 0xF3, 0x33, 0xFB, 0xE2,
  0x07, 0x11, 0x4A, 0x86, 0x49, 0xAB, 0x2E, 0x56, 0x33, 0xBC, 0x4B, 0x58, 0x7B, 0xE1, 0x61, 0x2D,
  0x55, 0xA4, 0xED, 0xC3, 0x89, 0x30, 0xDA, 0x2E, 0x94, 0xAF, 0x46, 0xCF, 0x37, 0x49, 0x8A, 0x72,
  0xBF, 0xFF, 0x96, 0x9F, 0x9F, 0xC6, 0x0B, 0xAE, 0xAA, 0xDD, 0x16, 0x11, 0x05, 0x50, 0x8C, 0x76,
  0x89, 0x98, 0x99, 0x7B, 0xA4, 0x58, 0x4B, 0x44, 0x7E, 0x84, 0x95, 0xCF, 0xBE, 0x50, 0x39, 0x71,
  0xC4, 0x20, 0xA3, 0xB6, 0x1F, 0x73, 0xAF, 0x0C, 0x4C, 0xCC, 0x29, 0xA1, 0x6B, 0x2C, 0x31, 0x5F,
  0xC5, 0xAA, 0x50, 0xE6, 0xAF, 0x3E, 0x00, 0x41, 0x55, 0xDA, 0xCA, 0xD4, 0xBE, 0x5F, 0x25, 0x24,
  0x8F, 0x6F, 0x51, 0xA4, 0x82, 0xED, 0x80, 0x03, 0xBD, 0x09, 0x69, 0x0B, 0x79, 0x12, 0x28, 0xB3,
  0x86, 0xCC, 0xAC, 0xA9, 0xA7, 0x72, 0xDD, 0x9C, 0x2F, 0x12, 0xAE, 0xEF, 0xE0, 0xE8, 0x4E, 0x80,
  0xFC, 0x60, 0x23, 0x9D, 0x2E, 0x33, 0xDC, 0x72, 0x78, 0xF2, 0xC6, 0x1B, 0x97, 0x34, 0x8B, 0xD4,
  0x4D, 0x8D, 0x41, 0x62, 0x9A, 0x0B, 0xE0, 0x98, 0xE7, 0x58, 0xD9, 0xCC, 0x98, 0x70, 0x76, 0x17,
  0x96, 0x46, 0x6A, 0xF0, 0x20, 0x1B, 0xBC, 0x17, 0xFE, 0x94, 0xD5, 0x23, 0xB7, 0x82, 0xD4, 0x6D,
  0xCE, 0xB3, 0x0F, 0x14, 0x80, 0x16, 0x59, 0x3F, 0x82, 0x7E, 0x0A, 0x7A, 0x9C, 0xC1, 0x05, 0xB0,
  0x71, 0x17, 0xE0, 0x65, 0xF7, 0x2E, 0x2C, 0x5E, 0x8D, 0x84, 0x67, 0x8C, 0x79, 0xA7, 0x6E, 0xBA,
  0x08, 0x12, 0xF7, 0xA5, 0x08, 0xA4, 0xD2, 0x4B, 0x23, 0x7B, 0xDD, 0x15, 0xC8, 0xF9, 0xDD, 0x19,
  0x67, 0x24, 0x1A, 0x97, 0xF6, 0x2D, 0x8B, 0xAD, 0x4D, 0xF1, 0xA2, 0xD7, 0xBF, 0xC0, 0xB2, 0x8D,
  0x62, 0x0A, 0x71, 0x00, 0x5C, 0x31, 0x61, 0x02, 0xFB, 0xCE, 0xCF, 0x8F, 0xC7, 0x44, 0x7F, 0xF2,
  0x0E, 0x3B, 0x2C, 0xAB, 0xB7, 0xA9, 0xFE, 0x13, 0xAE, 0x26, 0xDA, 0xEA, 0x58, 0xDC, 0xBF, 0xCD,
  0x82, 0x48, 0x5B, 0x9F, 0xBC, 0x71, 0xCD, 0x2B, 0x95, 0xA9, 0xF6, 0x3E, 0xA0, 0x43, 0xE3, 0x1B,
  0x57, 0x69, 0x1C, 0xD9, 0xF3, 0xEA, 0x93, 0x3B, 0x24, 0x7D, 0xF2, 0x47, 0x0A, 0xFA, 0x4C, 0x01,
  0x1A, 0xFA, 0x9E, 0xEF, 0xEF, 0x49, 0xA7, 0x5F, 0xBE, 0x78, 0xB3, 0x5B, 0xE5, 0x4B, 0xB6, 0xA1,
  0x13, 0x63, 0x45, 0x2F, 0x9E, 0xA0, 0x59, 0x5B, 0x71, 0xB1, 0x9F, 0x9E, 0x5F, 0x57, 0x77, 0xC0
};

static const uint8_t emb_Aida_3[] = {
  0x43, 0xA4, 0x6F, 0x58, 0x4B, 0x24, 0x08, 0x76, 0x2D, 0x3A, 0xCA, 0x70, 0x64, 0xBD, 0xB6, 0x1F,
  0xBA, 0xB3, 0xF6, 0xC3, 0xFF, 0x15, 0x27, 0xB3, 0x06, 0x02, 0x6A, 0x17, 0xF3, 0x0E, 0x23, 0x01,
  0xD6, 0x73, 0xF0, 0x0D, 0x86, 0x24, 0xAE, 0x97, 0x55, 0xFE, 0xF4, 0xCC, 0x02, 0xCC, 0x61, 0xA4,
  0x89, 0x33, 0xB9, 0x0B, 0x42, 0xB0, 0x7F, 0x2B, 0xC6, 0xCF, 0xDA, 0x24, 0xEB, 0xD6, 0x38, 0xB9,
  0x41, 0x79, 0xF1, 0x68, 0x31, 0x0F, 0xCC, 0x81, 0x38, 0x32, 0x85, 0xC2, 0x23, 0x16, 0x6D, 0x72,
  0x72, 0xE4, 0x95, 0xD8, 0xB9, 0xB5, 0x54, 0xE1, 0x52, 0xF0, 0xD3, 0x8D, 0x88, 0x92, 0xC8, 0xCB,
  0xF5, 0xBD, 0x9D, 0xAD, 0x22, 0xFD, 0xD2, 0x48, 0xCE, 0x7F, 0x29, 0x6C, 0xA7, 0x68, 0xB8, 0x88,
  0x7A, 0x44, 0x21, 0xDE, 0x6F, 0x7F, 0x93, 0x22, 0x6B, 0x11, 0x03, 0x60, 0xC9, 0x9D, 0x4D, 0x25,
  0x57, 0xA7, 0x42, 0xAC, 0xE8, 0x98, 0x1A, 0x8E, 0x72, 0x69, 0x1A, 0x91, 0x34, 0x66, 0x43, 0xC7,
  0x0D, 0x4A, 0xC8, 0x9E, 0xC5, 0x01, 0x2E, 0xDC, 0x24, 0x1E, 0xE2, 0x77, 0xFF, 0xEB, 0x6A, 0xE7,
  0x6E, 0xDC, 0x85, 0xA1, 0x90, 0x17, 0xD1, 0x04, 0x54, 0xC1, 0x1C, 0x17, 0x47, 0x3C, 0xE2, 0xCD,
  0xF9, 0x63, 0xE9, 0xFD, 0x87, 0x93, 0x82, 0x51, 0xE5, 0x7E, 0x1A, 0x44, 0x01, 0xA9, 0x42, 0xF7,
  0xB8, 0x84, 0x6A, 0xEA, 0x31, 0x5E, 0x32, 0x3A, 0x66, 0x61, 0xA2, 0x6E, 0xB9, 0x87, 0x81, 0xCB,
  0x53, 0xD5, 0x40, 0xC5, 0x49, 0x9A, 0x35, 0xC5, 0xCF, 0xAE, 0xE6, 0x02, 0x7A, 0x50, 0x59, 0xB7,
  0x25, 0xA6, 0xDC, 0x14, 0x65, 0xD0, 0xE3, 0x40, 0xC7, 0x67, 0x83, 0xF3, 0x7F, 0xD1, 0x90, 0xDD,
  0x44, 0x65, 0x0B, 0x4A, 0xB5, 0x7D, 0xBC, 0x89, 0x0F, 0x5D, 0xD3, 0x56, 0xE8, 0x91, 0x28, 0xD7,
  0xE9, 0x68, 0x70, 0x82, 0xA3, 0xF2, 0x82, 0xC2, 0xFA, 0x5C, 0x65, 0x0B, 0x9D, 0x2E, 0xD2, 0x8E,
  0x60, 0xF1, 0x0E, 0xC6, 0x45, 0xCD, 0xB4, 0x31, 0x4C, 0x61, 0xD8, 0x8C, 0xE7, 0x0F, 0x91, 0x39,
  0x58, 0x20, 0x00, 0xCE, 0xD7, 0x62, 0x85, 0x3D, 0xD2, 0x25, 0x03, 0x22, 0x4B, 0x59, 0x3B, 0x23,
  0xC7, 0x2B, 0x5B, 0xF8, 0xB7, 0x5B, 0xBD, 0x91, 0xBD, 0xF2, 0x6A, 0x8C, 0xE6, 0xAE, 0xFC, 0xCF,
  0x87, 0x02, 0xA9, 0x4C, 0xE9, 0x87, 0x06, 0x5E, 0x59, 0x21, 0x9F, 0x35, 0xF0, 0x0B, 0x77, 0x8D,
  0x8F, 0x63, 0x6E, 0x78, 0xB3, 0xFA, 0x97, 0x7D, 0xDF, 0x15, 0x6F, 0x05, 0x91, 0x08, 0x1B, 0x36,
  0x09, 0x7B, 0xCB, 0xE4, 0x49, 0x85, 0xF1, 0x4C, 0x1F, 0x02, 0x09, 0xC0, 0x59, 0x31, 0xB4, 0x48,
  0x7D, 0xEE, 0xF6, 0x13, 0xBF, 0xD7, 0xB8, 0x3B, 0x7D, 0x45, 0x4E, 0xAE, 0x5C, 0xF7, 0xEB, 0x51,
  0x62, 0xBE, 0xD8, 0xFC, 0x24, 0x3D, 0xEB, 0x4E, 0x5E, 0x6C, 0x6A, 0x18, 0xB2, 0xE3, 0x64, 0x7E,
  0x4D, 0x18, 0x98, 0x30, 0xD3, 0xC4, 0x66, 0x95, 0xA7, 0xDC, 0x5B, 0x98, 0x63, 0xF4, 0x01, 0x0D,
  0xAA, 0x95, 0x10, 0x76, 0xCA, 0x36, 0x37, 0xFF, 0x79, 0x00, 0xBB, 0xBC, 0x25, 0x70, 0x15, 0xE5,
  0x1E, 0xB6, 0x33, 0x58, 0xFC, 0x05, 0xE2, 0x7C, 0x6F, 0x7C, 0x67, 0xC5, 0x4A, 0x5B, 0x2A, 0x5D,
  0x60, 0xF4, 0xAB, 0xAE, 0xCA, 0x4C, 0xAC, 0x3A, 0xF1, 0xC8, 0x85, 0x71, 0x9A, 0x0D, 0x42, 0xC8,
  0x83, 0x4B, 0x07, 0x46, 0xAD, 0x36, 0x43, 0xEA, 0x50, 0x65, 0x2E, 0xFC, 0x9A, 0x9C, 0x11, 0xA8,
  0x7D, 0xE6, 0x79, 0xE7, 0x9C, 0x33, 0x33, 0x3B, 0xB4, 0x17, 0xD7, 0xB2, 0xB3, 0xBF, 0xA5, 0x3F,
  0xA4, 0x25, 0x0D, 0xD9, 0x3C, 0x6C, 0x46, 0xC5, 0x74, 0x00, 0x36, 0x8D, 0xFC, 0x8B, 0xA8, 0x6F,
  0xB4, 0xA0, 0x17, 0xEA, 0xF5, 0x31, 0x3A, 0xC0, 0x04, 0x07, 0xE6, 0x23, 0x43, 0x16, 0xD3, 0x66,
  0x26, 0xA6, 0xE4, 0x51, 0x9B, 0x83, 0xA3, 0x7A, 0xCA, 0x22, 0x58, 0x69, 0x61, 0xD2, 0x96, 0xAA,
  0xC3, 0x2F, 0x5F, 0xF8, 0x1F, 0x72, 0x3D, 0x76, 0x50, 0xAF, 0x3E, 0xF6, 0x6D, 0xC8, 0x4F, 0xDE,
  0xC9, 0xCA, 0xBC, 0xF3, 0xA1, 0xBB, 0xA8, 0xCF, 0x52, 0x44, 0x40, 0xE9, 0x95, 0x80, 0x8F, 0x3A,
  0x0A, 0x4A, 0x01, 0x30, 0x6E, 0x50, 0x8B, 0x8B, 0x1E, 0x79, 0x74, 0x69, 0x19, 0x06, 0xCC, 0xBE,
  0x2C, 0xB0, 0xD6, 0xFF, 0x08, 0x8A, 0xEF, 0xF9, 0x67, 0x28, 0xF6, 0x4C, 0xF0, 0x42, 0xB0, 0xD3,
  0x20, 0x5A, 0xC5, 0x42, 0x0D, 0xFE, 0xB1, 0x22, 0x16, 0x5B, 0x52, 0x6A, 0x56, 0xD9, 0x57, 0x63,
  0x41, 0xD2, 0xFF, 0x97, 0x13, 0x47, 0xA3, 0xD9, 0xEE, 0x04, 0x47, 0x1B, 0x86, 0x1D, 0x25, 0x0F,
  0x1B, 0xEF, 0x62, 0x69, 0x87, 0x29, 0xBE, 0xDF, 0xA0, 0x6A, 0xFF, 0x98, 0x0A, 0x81, 0x99, 0x89,
  0x97, 0xB9, 0x13, 0xCD, 0x6B, 0x66, 0xED, 0xC2, 0xE1, 0xEA, 0x7C, 0xC7, 0x35, 0x2A, 0xC6, 0x43,
  0x75, 0xFA, 0xA7, 0x98, 0x6C, 0x2F, 0xFB, 0x17, 0x5F, 0xC0, 0xF7, 0xE6, 0x25, 0xB8, 0x80, 0x61,
  0x4F, 0x8B, 0x7B, 0xD2, 0xE4, 0xA6, 0x3B, 0xC9, 0x51, 0x4A, 0x90, 0x84, 0x0E, 0x81, 0xE4, 0xB2,
  0x72, 0x63, 0x88, 0xD9, 0x6F, 0x5A, 0xE1, 0x93, 0xA8, 0x08, 0x06, 0x09, 0x89, 0x9F, 0xCD, 0x41,
  0xF7, 0x81, 0x2A, 0xEC, 0x78, 0xE9, 0x85, 0x69, 0xD8, 0xEE, 0x57, 0x01, 0xBE, 0x9C, 0xBC, 0xCF,
  0xEF, 0x07, 0x90, 0x7F, 0xBC, 0x92, 0x01, 0x55, 0xDE, 0x99, 0x37, 0xD0, 0x83, 0x6E, 0xBA, 0xB7,
  0x13, 0xA4, 0x06, 0xF7, 0xAA, 0xD5, 0x95, 0xBC, 0x13, 0x01, 0x6E, 0xF5, 0xA0, 0x4A, 0x35, 0xEC,
  0x95, 0x1D, 0x33, 0xEB, 0x03, 0x0E, 0x8D, 0x5A, 0x83, 0xF8, 0x7E, 0x83, 0x4C, 0xD2, 0xB9, 0x69,
  0x6B, 0x6D, 0x58, 0xA7, 0x8E, 0xF7, 0x21, 0x83, 0x34, 0x12, 0xB4, 0xCF, 0x5E, 0x29, 0xF5, 0x8F,
  0x59, 0xB8, 0x3A, 0x08, 0xF6, 0x4E, 0x3A, 0x55, 0xBE, 0x2D, 0x2A, 0xDA, 0xF4, 0xFF, 0x18, 0xD4,
  0x71, 0x83, 0xB8, 0x20, 0x73, 0x94, 0x72, 0x21, 0x66, 0x70, 0x73, 0xA0, 0xD4, 0x1A, 0x10, 0x91,
  0x33, 0xF2, 0x2E, 0xEC, 0xB2, 0xC4, 0x8E, 0x91, 0x8B, 0x23, 0xCE, 0x3E, 0x1E, 0x5B, 0xE2, 0xBA,
  0x97, 0x2B, 0xE5, 0x23, 0xFB, 0x4F, 0x2A, 0xA7, 0x8B, 0x25, 0xFD, 0x4D, 0x04, 0x0B, 0x47, 0x0C,
  0x33, 0x60, 0xC3, 0x33, 0x84, 0x4C, 0x38, 0xA8, 0x8B, 0xCD, 0x4F, 0xAE, 0x5F, 0x38, 0xE5, 0x46,
  0xC3, 0x30, 0xD8, 0xB8, 0xAE, 0x94, 0xE0, 0x05, 0xF5, 0xAC, 0x0E, 0x1D, 0x49, 0x45, 0x32, 0xD8,
  0x57, 0xBC, 0x58, 0x08, 0xE7, 0x72, 0x8B, 0x9F, 0x1B, 0x88, 0x90, 0x36, 0x64, 0x0B, 0xED, 0x4D,
  0xD6, 0x75, 0xA5, 0x9D, 0x1A, 0xD4, 0x0A, 0x17, 0x2A, 0x65, 0x4E, 0xAD, 0xEB, 0xC4, 0x05, 0x0A,
  0x73, 0x97, 0x77, 0x73, 0x32, 0xB5, 0x00, 0xAB, 0xE6, 0xEA, 0xBD, 0x3C, 0xBD, 0xDB, 0x25, 0x3B,
  0x25, 0xC3, 0x1D, 0x2C, 0x63, 0x83, 0x57, 0x44, 0x9D, 0xA5, 0x44, 0x46, 0xBF, 0xF0, 0xCA, 0x10,
  0x2C, 0x41, 0xAE, 0x50, 0xBA, 0xF0, 0x79, 0x6D, 0xCE, 0xCF, 0x3D, 0xF7, 0x9C, 0x46, 0xE2, 0x51,
  0xBC, 0x03, 0xC1, 0x68, 0x7B, 0x78, 0x73, 0x57, 0xDF, 0x94, 0x53, 0x9C, 0x75, 0xEF, 0xDE, 0xC4,
  0x2A, 0xB9, 0x9E, 0xF4, 0xE9, 0x4A, 0x64, 0xCE, 0x1E, 0x3A, 0xFA, 0xDA, 0x8C, 0x78, 0x32, 0x5C,
  0x65, 0x8A, 0xE8, 0x12, 0x64, 0x5D, 0x0E, 0x36, 0xBF, 0xC2, 0x21, 0xE4, 0x6D, 0xFF, 0x05, 0xE9,
  0xB6, 0xA8, 0x05, 0xDB, 0x82, 0x28, 0x96, 0x58, 0x0E, 0x3A, 0xF0, 0xBA, 0x2F, 0x5D, 0x2B, 0x86,
  0x77, 0x26, 0x2C, 0x02, 0x4F, 0x67, 0x59, 0xCA, 0xB4, 0x22, 0x30, 0x7A, 0x1E, 0x47, 0x8F, 0x57,
  0x1B, 0x76, 0x87, 0x74, 0x87, 0x6B, 0x37, 0x5D, 0x6E, 0x0A, 0xC7, 0x86, 0x16, 0xA0, 0xBE, 0xE6,
  0x93, 0x25, 0x7E, 0x3A, 0xA7, 0x85, 0x45, 0x60, 0x83, 0xF0, 0xBD, 0xFB, 0xC5, 0x8A, 0xB8, 0x69,
  0x7E, 0xEF, 0x0F, 0x7A, 0xD1, 0x65, 0xDA, 0x86, 0xE4, 0x90, 0x91, 0x74, 0x2C, 0x4B, 0xCC, 0x76,
  0x1A, 0x71, 0x80, 0xAB, 0xB3, 0xE8, 0x80, 0x5F, 0x0B, 0x78, 0x27, 0x70, 0xE1, 0x77, 0x46, 0x2D,
  0x28, 0x49, 0x3C, 0xB4, 0x45, 0xB2, 0xA7, 0x70, 0x52, 0xD2, 0x34, 0x2B, 0xF1, 0xAD, 0xCF, 0xEC,
  0xF7, 0xD4, 0x69, 0x7C, 0xDA, 0x7F, 0xFD, 0x79, 0xF0, 0xA1, 0xA0, 0x33, 0x75, 0x3A, 0xD9, 0x27,
  0xCB, 0x48, 0x70, 0xCE, 0x7E, 0x35, 0xC8, 0x07, 0x54, 0xD6, 0x7B, 0x51, 0x0E, 0xC8, 0xED, 0x0B,
  0x83, 0x93, 0x60, 0xC2, 0x9A, 0x27, 0x81, 0xC0, 0x77, 0x03, 0x27, 0xD0, 0xF4, 0xE8, 0xD7, 0xF1,
  0xD9, 0x77, 0x0A, 0xAB, 0x49, 0xF4, 0x1A, 0x4A, 0x7C, 0xFC, 0x9B, 0x76, 0x03, 0xE6, 0xDB, 0xE2,
  0xD3, 0xD4, 0x96, 0xB7, 0x19, 0xCA, 0x57, 0x30, 0x2B, 0x6D, 0xAD, 0x1D, 0x7D, 0x79, 0x66, 0x0D,
  0x36, 0x4D, 0x9C, 0x49, 0xA2, 0xBE, 0x8B, 0x6A, 0x6B, 0x7C, 0x1B, 0xA5, 0xE4, 0x53, 0xDB, 0xC6,
  0x02, 0x1E, 0x98, 0x0F, 0x44, 0x53, 0x62, 0x61, 0x13, 0x77, 0x78, 0x3E, 0xDF, 0x31, 0x15, 0x5A,
  0xFF, 0xFE, 0x2E, 0xFB, 0x0A, 0xDE, 0x11, 0x4A, 0x07, 0x26, 0x70, 0x67, 0x21, 0x2C, 0x87, 0x03,
  0xBB, 0xA2, 0x19, 0x79, 0x95, 0x7A, 0x82, 0x4A, 0x76, 0x0E, 0x7E, 0xE3, 0x6B, 0x52, 0x39, 0xD2,
  0xD3, 0x97, 0x73, 0xE1, 0xEE, 0xC8, 0x06, 0xCD, 0xAE, 0x03, 0x14, 0x07, 0xF8, 0xBA, 0xC5, 0xC5,
  0x4C, 0x08, 0x23, 0x16, 0x52, 0x52, 0xC9, 0xF7, 0xCD, 0x4C, 0xDD, 0x62, 0xE6, 0x9E, 0x38, 0xE3,
  0x07, 0x35, 0x44, 0xF9, 0x49, 0x05, 0xF2, 0xE8, 0xC1, 0x22, 0xB3, 0xB1, 0xCB, 0x36, 0xBF, 0xC9,
  0xB0, 0xC2, 0x75, 0x8D, 0x7C, 0x4F, 0x70, 0x4C, 0x1B, 0x99, 0xFF, 0x7B, 0xCC, 0xAF, 0xA1, 0xF1,
  0xFD, 0xA9, 0xB9, 0x4B, 0xEB, 0xEB, 0x31, 0xE3, 0x45, 0xC9, 0x5A, 0x96, 0xBA, 0x4F, 0xB3, 0x1D,
  0x4C, 0xBB, 0x79, 0xB4, 0xD4, 0xE4, 0x1F, 0x76, 0x1E, 0xA1, 0xBD, 0x53, 0x9C, 0xD0, 0x00, 0x45,
  0xE0, 0x1C, 0xEA, 0x42, 0x7B, 0x95, 0x72, 0xE7, 0xF5, 0x11, 0xB6, 0x17, 0x52, 0x11, 0xF3, 0x94,
  0x2C, 0xCE, 0x9C, 0x62, 0x0A, 0x15, 0x38, 0xF4, 0x48, 0x92, 0xAC, 0x8B, 0x30, 0x58, 0xDB, 0xE0,
  0x49, 0xC5, 0x24, 0x87, 0x8D, 0xE0, 0xFE, 0x86, 0x94, 0x67, 0x47, 0xF6, 0xF8, 0x4F, 0x68, 0xD9,
  0xA9, 0x71, 0x52, 0xEA, 0x88, 0xAF, 0xD7, 0x08, 0xF5, 0x5A, 0x51, 0x3D, 0x79, 0x8A, 0x61, 0xC7,
  0x39, 0x8D, 0x39, 0xA5, 0x7E, 0x28, 0x5B, 0xE6, 0xB3, 0x59, 0xCF, 0xDD, 0x55, 0x23, 0x06, 0xB5,
  0xD6, 0x87, 0xA0, 0x69, 0xE6, 0x8B, 0x3F, 0xFF, 0x2F, 0x97, 0x0B, 0x9B, 0xFC, 0x61, 0x3E, 0xF9,
  0x73, 0x88, 0xF1, 0xEE, 0x2E, 0x86, 0x9B, 0xC7, 0x2E, 0x54, 0x93, 0xD0, 0xCD, 0xAA, 0xFF, 0xD7,
  0x85, 0x9C, 0x6E, 0x23, 0xA6, 0xFA, 0xB8, 0x0F, 0x79, 0x27, 0xF2, 0x64, 0xCF, 0xC7, 0x36, 0x1A,
  0x24, 0x3E, 0x83, 0x90, 0x96, 0xA2, 0x41, 0x67, 0x9C, 0xD4, 0x08, 0xDE, 0x62, 0x20, 0x04, 0xC6,
  0x68, 0xAD, 0x15, 0x24, 0xEA, 0xCC, 0x33, 0x12, 0xAF, 0xF5, 0xB3, 0x93, 0x12, 0x82, 0x7E, 0x69,
  0xF5, 0x25, 0xE4, 0xF5, 0xF1, 0xC9, 0x7F, 0xD8, 0x3C, 0xDC, 0x57, 0xC3, 0xAD, 0x99, 0xC9, 0xD6,
  0x8C, 0xB9, 0xF4, 0x6D, 0x7A, 0xE8, 0x62, 0x2E, 0x51, 0x23, 0x2E, 0xFF, 0x52, 0x51, 0x1D, 0x64,
  0xA2, 0xAF, 0xFD, 0x5C, 0xDF, 0xA4, 0x4E, 0x61, 0xBE, 0x41, 0x17, 0x5A, 0x46, 0x9F, 0xD3, 0xE5,
  0xFB, 0xAB, 0x56, 0x08, 0xA3, 0xDA, 0xE0, 0x54, 0x7F, 0xAE, 0x61, 0x49, 0x17, 0x03, 0x4F, 0x47,
  0x15, 0x7E, 0x84, 0x70, 0x46, 0xE0, 0x28, 0xA0, 0xBA, 0x77, 0xDC, 0x81, 0x3F, 0xA5, 0x5F, 0xFD,
  0x14, 0x9C, 0x04, 0x30, 0x45, 0x3D, 0xD5, 0x87, 0x7E, 0x9A, 0x59, 0xF2, 0xD7, 0xBA, 0x2B, 0xE0,
  0x3D, 0x3D, 0x8B, 0xAE, 0x92, 0x4F, 0xD5, 0x93, 0x9C, 0xA0, 0x94, 0xA4, 0x36, 0x59, 0x17, 0xBD,
  0xA7, 0x6C, 0x62, 0x84, 0xF3, 0x6A, 0x56, 0xBF, 0x22, 0x34, 0x11, 0xF9, 0xEA, 0x4B, 0xF8, 0xB7,
  0x30, 0x6E, 0xB1, 0x42, 0x38, 0x8F, 0x18, 0xDE, 0xA4, 0x35, 0xBE, 0x4D, 0x6F, 0xB1, 0x21, 0x5B,
  0xF6, 0x2E, 0x6F, 0xB6, 0xAB, 0x85, 0x23, 0x24, 0xDE, 0x4A, 0xDD, 0x45, 0x8F, 0x9E, 0x75, 0xEF,
  0x37, 0x19, 0x66, 0x65, 0x08, 0x1D, 0x96, 0xE9, 0x4A, 0xE9, 0xC9, 0x9F, 0x15, 0x8D, 0xFA, 0x38,
  0xD8, 0xB9, 0xB9, 0xE7, 0x8D, 0xDD, 0xAA, 0xF1, 0x8D, 0x93, 0x04, 0x4E, 0x15, 0xBC, 0x0B, 0x31,
  0x0D, 0xB6, 0xCF, 0xA2, 0xF9, 0xEA, 0x5E, 0x9D, 0x5A, 0xDA, 0x42, 0x60, 0x16, 0xA8, 0x7B, 0x30,
  0x77, 0xCB, 0x57, 0xF4, 0xE2, 0x39, 0x38, 0x56, 0x20, 0x05, 0xAA, 0xB7, 0xE1, 0xCF, 0x87, 0x56,
  0x4F, 0x32, 0x01, 0xDA, 0x90, 0xBA, 0x84, 0xE0, 0x39, 0x30, 0x78, 0x9D, 0xDA, 0x67, 0x43, 0x10,
  0xD7, 0x16, 0x44, 0xF7, 0x03, 0xB9, 0xBD, 0x0C, 0x0F, 0x03, 0x41, 0x72, 0xBB, 0xC5, 0x4A, 0xAC,
  0x04, 0x1D, 0xE9, 0xBB, 0x94, 0x9B, 0x7B, 0x8B, 0x0C, 0x69, 0x3E, 0xFC, 0x20, 0x52, 0x6E, 0x4C,
  0x26, 0xDA, 0x82, 0xD9, 0xC9, 0x34, 0x53, 0x01, 0xD5, 0xEC, 0xCC, 0x67, 0x9D, 0x7D, 0x5E, 0xFB,
  0xD0, 0x0A, 0x57, 0x56, 0xAA, 0xE4, 0x84, 0xB7, 0xF0, 0xD3, 0x4C, 0xA4, 0xF8, 0xD6, 0xDE, 0x0C,
  0x53, 0xDD, 0xC1, 0x7B, 0x8F, 0x4E, 0x79, 0x4C, 0xBE, 0x86, 0xA3, 0xCD, 0x32, 0xFE, 0x99, 0x5F,
  0x53, 0xB9, 0xDD, 0x7A, 0x5C, 0x92, 0xE4, 0x3B, 0xD5, 0xCB, 0x1B, 0xE6, 0x1F, 0x00, 0xAB, 0xEC,
  0x1C, 0xF9, 0x7C, 0x25, 0x2A, 0x4A, 0xAE, 0x8C, 0xBE, 0xA1, 0xB8, 0x01, 0x6F, 0xC2, 0x40, 0x90,
  0xD3, 0x14, 0xC2, 0xCE, 0xEF, 0x2F, 0x1B, 0x1B, 0x3A, 0xFA, 0x18, 0xDE, 0xC8, 0xDE, 0x9B, 0x19,
  0xF3, 0xC4, 0xF9, 0xC0, 0x89, 0xC0, 0x6A, 0x81, 0x11, 0x3E, 0xE1, 0x97, 0x56, 0x8F, 0x8F, 0xC1,
  0xE9, 0x85, 0xC7, 0x54, 0x3B, 0xCA, 0xD8, 0xF5, 0x75, 0xFD, 0x42, 0x8C, 0x53, 0xEC, 0x37, 0x8A,
  0x25, 0x24, 0x23, 0x4F, 0x65, 0x31, 0x4C, 0x06, 0x9F, 0x20, 0xD0, 0x4C, 0x69, 0x4B, 0x9F, 0x2E,
  0x68, 0x37, 0xCB, 0xC2, 0xA0, 0xE4, 0xAF, 0xC8, 0xDF, 0xA9, 0x6A, 0xD5, 0x56, 0x6D, 0xE9, 0xFB,
  0xFF, 0xDC, 0xFE, 0x9F, 0xBD, 0xF9, 0x53, 0xEC, 0x7E, 0x76, 0x00, 0xD5, 0x10, 0x41, 0xC1, 0x3A,
  0xC2, 0xD3, 0x6E, 0xB8, 0x80, 0x59, 0x4C, 0x8F, 0x29, 0xA5, 0xEB, 0x05, 0x6E, 0xD6, 0xD2, 0x93,
  0xC7, 0x48, 0x8F, 0xC5, 0x87, 0xF3, 0x84, 0x43, 0x8B, 0x6D, 0xE9, 0x38, 0x4C, 0x61, 0xFC, 0x42,
  0xE0, 0x5C, 0x0B, 0x7A, 0x02, 0x10, 0x4E, 0xD8, 0xD0, 0x79, 0x11, 0xAB, 0x23, 0x7B, 0x4B, 0x93,
  0x49, 0x35, 0x5E, 0x56, 0x4C, 0x02, 0xD7, 0x27, 0x94, 0xDA, 0x32, 0x3A, 0x1B, 0xE3, 0xCB, 0x51
};

static const uint8_t emb_Aida_4[] = {
  0xA1, 0x10, 0xE8, 0xF0, 0xBC, 0x08, 0xF1, 0x5E, 0xB0, 0xD5, 0x94, 0x99, 0x0B, 0x44, 0xCE, 0xC0,
  0x14, 0x6D, 0xE2, 0x20, 0x6A, 0x67, 0x6A, 0x4B, 0x2F, 0xD1, 0x45, 0x4C, 0xA3, 0x30, 0x4F, 0x1F,
  0xAB, 0xB5, 0x27, 0x1E, 0x6D, 0xBF, 0x35, 0x50, 0x9A, 0x7D, 0xBC, 0x37, 0x40, 0xFA, 0x32, 0x30,
  0x2F, 0xFA, 0xEF, 0xC4, 0xB2, 0xF4, 0x92, 0x64, 0x89, 0x64, 0x9C, 0xCB, 0x93, 0xE1, 0x70, 0x79,
  0xDE, 0x22, 0x61, 0xD6, 0xC7, 0x39, 0x97, 0x31, 0x01, 0xEF, 0x85, 0x4F, 0xDC, 0x79, 0x4F, 0x2B,
  0x6E, 0xE9, 0x91, 0xBA, 0x89, 0x88, 0x6C, 0xB2, 0x6B, 0x5C, 0xFF, 0xEE, 0x26, 0xD5, 0xA9, 0xA0,
  0xF2, 0x05, 0x3D, 0x65, 0x7E, 0x29, 0x68, 0x87, 0x4B, 0x66, 0x62, 0x45, 0x64, 0xC9, 0xE4, 0xD1,
  0xE3, 0x74, 0x8A, 0x9C, 0xD2, 0xE4, 0x6A, 0xFA, 0xAD, 0xA4, 0x4A, 0x4C, 0x5B, 0xAE, 0x4B, 0x4C,
  0xE0, 0x82, 0x68, 0xDF, 0x1B, 0xF0, 0x86, 0xEF, 0xF8, 0xD8, 0x8B, 0xF5, 0x1F, 0xC7, 0x69, 0x16,
  0xDA, 0x89, 0xE4, 0xFC, 0xEA, 0xDB, 0x79, 0xEB, 0x1F, 0xA5, 0x3B, 0xA3, 0x8E, 0x0B, 0x1A, 0xE9,
  0x69, 0xC8, 0x15, 0xB5, 0xCB, 0x9B, 0x0F, 0x12, 0x0F, 0x08, 0xA8, 0x9A, 0x90, 0xE1, 0x44, 0x74,
  0xC3, 0x42, 0x77, 0x5C, 0x01, 0x58, 0x10, 0xF8, 0x7A, 0x3C, 0x71, 0x54, 0x2E, 0xF1, 0x2A, 0x7D,
  0x91, 0xBF, 0xE6, 0xD1, 0x7E, 0x51, 0x36, 0x9D, 0xE8, 0x3F, 0x6E, 0x58, 0x43, 0x74, 0xCA, 0x7A,
  0x91, 0xE8, 0x85, 0xEB, 0xFA, 0x3B, 0xCA, 0x5B, 0x91, 0xD9, 0xD2, 0x2B, 0xAE, 0x15, 0x2D, 0x0F,
  0x0E, 0x38, 0xB4, 0x20, 0x03, 0xD6, 0x06, 0xAA, 0x59, 0x48, 0x76, 0xE1, 0x70, 0x87, 0x8A, 0xA5,
  0xB2, 0x7C, 0x92, 0x32, 0xF1, 0x71, 0xDB, 0x9D, 0x55, 0xD0, 0xDE, 0x26, 0xE0, 0x09, 0x71, 0xA2,
  0xC2, 0x3B, 0x1B, 0x37, 0x5F, 0xC6, 0xB4, 0xFD, 0x18, 0xD8, 0x3C, 0x75, 0x1D, 0x1E, 0xC5, 0x9C,
  0x16, 0xA3, 0xBB, 0x9E, 0x3B, 0x17, 0x60, 0x4E, 0xAA, 0x04, 0x4A, 0xB3, 0x78, 0x53, 0xD6, 0xA7,
  0xDE, 0xAB, 0x4C, 0x1B, 0x35, 0xAA, 0x90, 0x32, 0xEB, 0x4D, 0xB1, 0xAB, 0xE4, 0xC2, 0xB2, 0x66,
  0x76, 0x42, 0x7D, 0x08, 0x7D, 0x14, 0x24, 0x69, 0x2E, 0xE7, 0x38, 0x47, 0x1B, 0xB7, 0x30, 0xB5,
  0x57, 0x81, 0x49, 0xE1, 0x01, 0x62, 0x29, 0x22, 0x46, 0x3B, 0xD3, 0x09, 0x9A, 0x7F, 0x89, 0xEF,
  0x96, 0x73, 0xE0, 0x25, 0x42, 0x1F, 0xEE, 0x8F, 0x79, 0xE1, 0x7C, 0x02, 0x36, 0xFB, 0xC9, 0x57,
  0x7B, 0x4C, 0x2B, 0xAF, 0x6D, 0xC6, 0x03, 0x52, 0x33, 0xFC, 0xC2, 0xA6, 0xBE, 0xB7, 0x07, 0x0B,
  0xC7, 0x64, 0x8F, 0x86, 0x72, 0x9B, 0x50, 0xA5, 0x12, 0x6E, 0x4F, 0xEA, 0x54, 0xDC, 0x91, 0xD7,
  0x18, 0x72, 0x1F, 0x5C, 0x8B, 0x35, 0x18, 0x5E, 0x4B, 0xA6, 0x12, 0xFF, 0x02, 0xA9, 0x8B, 0xAE,
  0xEB, 0x5B, 0xF0, 0x56, 0x0A, 0x7A, 0x30, 0xBD, 0xE6, 0xFA, 0x3A, 0xC9, 0xEE, 0x85, 0x77, 0xE5,
  0x72, 0xC4, 0x28, 0xE0, 0x49, 0xF3, 0x37, 0xFE, 0x74, 0x48, 0xDD, 0x8C, 0xA7, 0x26, 0x4E, 0x5A,
  0x61, 0x6C, 0xFC, 0xBC, 0xA7, 0xA3, 0x98, 0x63, 0xD8, 0x59, 0x0A, 0x12, 0x03, 0xA1, 0x74, 0x4A,
  0x85, 0xC3, 0xBD, 0x74, 0x4E, 0xFB, 0x2A, 0xCA, 0xCD, 0xE5, 0xA1, 0x63, 0x89, 0x21, 0xE3, 0x63,
  0xB4, 0x57, 0x9F, 0x99, 0xEF, 0xDB, 0x73, 0xD7, 0x34, 0x83, 0xE5, 0xF2, 0xD2, 0xFF, 0x86, 0x80,
  0x37, 0xEC, 0xB9, 0x1C, 0xF0, 0xFA, 0xCD, 0x49, 0xC9, 0x6F, 0xE1, 0x22, 0xCD, 0xAA, 0x87, 0x99,
  0xFF, 0x22, 0xE2, 0x5A, 0xC1, 0xD1, 0xB8, 0x35, 0x13, 0xD2, 0x11, 0x81, 0xC7, 0xA4, 0x8D, 0xE9,
  0x68, 0xBD, 0xA6, 0x82, 0xA0, 0xFF, 0x3A, 0x39, 0xCE, 0x53, 0x20, 0x94, 0x34, 0xD0, 0xAE, 0x81,
  0x37, 0x50, 0x62, 0x94, 0x96, 0xAE, 0x29, 0xBA, 0x1A, 0xD1, 0xC7, 0xF9, 0xF2, 0xB9, 0x46, 0x5F,
  0xA8, 0x21, 0x21, 0xC0, 0x4E, 0x6F, 0x34, 0x51, 0xDE, 0xFD, 0xC5, 0x94, 0xDE, 0xCF, 0xEA, 0x6B,
  0xCC, 0xE5, 0x10, 0x2F, 0x82, 0x1F, 0xF9, 0x6F, 0xFE, 0x1D, 0x45, 0xB2, 0x97, 0x27, 0xD6, 0x69,
  0xD4, 0x28, 0x1A, 0x33, 0xB9, 0x4D, 0xAF, 0x3D, 0x27, 0xC8, 0xC5, 0xF1, 0x73, 0x18, 0x6B, 0x7A,
  0xA6, 0x7C, 0xD6, 0xDE, 0x4A, 0xA0, 0xB5, 0xCD, 0x9A, 0x65, 0x42, 0xC8, 0xCB, 0xCA, 0x0A, 0xD8,
  0x36, 0x2A, 0xBC, 0x47, 0x48, 0xE6, 0x9C, 0x2F, 0x71, 0xBF, 0x70, 0xA5, 0x48, 0x92, 0x5A, 0xD8,
  0x74, 0x30, 0x7E, 0xE4, 0xF2, 0x09, 0x34, 0x78, 0x81, 0x37, 0x11, 0xF0, 0xC2, 0xAA, 0x13, 0x2B,
  0x96, 0x5A, 0x11, 0x89, 0x66, 0xBE, 0xEC, 0x1F, 0xE5, 0xDA, 0x68, 0x68, 0xC8, 0x6A, 0x2C, 0xAD,
  0xE5, 0x5E, 0xF2, 0x95, 0xF8, 0x94, 0x17, 0x4B, 0xCE, 0xA3, 0xD7, 0x44, 0xA4, 0xEE, 0x84, 0x74,
  0xB1, 0xD9, 0xFF, 0xA0, 0x34, 0x6D, 0x63, 0xBC, 0x76, 0x28, 0x02, 0x1B, 0x0A, 0x2E, 0x4B, 0x5A,
  0xD7, 0xB3, 0x62, 0x98, 0x09, 0x7B, 0x89, 0x39, 0xEA, 0xBB, 0x7B, 0x8C, 0xA9, 0x5F, 0x41, 0x31,
  0xC7, 0xC3, 0xCD, 0xA6, 0x5D, 0x49, 0x59, 0x59, 0xA1, 0x14, 0x4E, 0xCD, 0x81, 0xDC, 0xC6, 0x34,
  0xE0, 0x2A, 0x44, 0x3C, 0xDC, 0xCA, 0xE1, 0x7D, 0x1B, 0x9E, 0xBF, 0x0D, 0xE0, 0xDF, 0xC3, 0x1C,
  0xE7, 0x38, 0x13, 0x7C, 0x60, 0x8B, 0xEB, 0x9C, 0x3E, 0x96, 0x65, 0x00, 0x0C, 0x55, 0xAE, 0xF7,
  0xE2, 0x01, 0x5B, 0x8F, 0x6E, 0x76, 0xCA, 0x58, 0x13, 0x90, 0x76, 0x67, 0x52, 0xBF, 0xB6, 0x79,
  0xC7, 0x4C, 0x3B, 0xD1, 0x9D, 0x64, 0x06, 0xDB, 0x3F, 0xB2, 0xD5, 0x61, 0xB0, 0x0C, 0x10, 0x9B,
  0x2F, 0x2F, 0xEF, 0x81, 0x02, 0xB2, 0xFC, 0xD7, 0xE2, 0x69, 0xF5, 0x7F, 0xE2, 0x83, 0x18, 0xCB,
  0x01, 0xE4, 0x54, 0xAF, 0x22, 0x47, 0x9A, 0xAF, 0x70, 0xD1, 0x24, 0x2A, 0xD2, 0xBE, 0x84, 0x41,
  0xB1, 0x78, 0xD5, 0x18, 0x79, 0x49, 0xFA, 0x95, 0xAC, 0x8E, 0x62, 0xC7, 0x12, 0x20, 0x21, 0x3D,
  0x69, 0xBD, 0x81, 0xBA, 0x1A, 0xDE, 0x59, 0xEC, 0x25, 0x57, 0xD1, 0x05, 0x5A, 0x64, 0x24, 0x58,
  0x4F, 0x85, 0x35, 0x83, 0xCA, 0xAC, 0x34, 0x4F, 0x32, 0x67, 0x3A, 0xD8, 0x93, 0x2E, 0xA3, 0x6F,
  0x33, 0x0F, 0x8E, 0x2E, 0x14, 0xED, 0x43, 0xDC, 0xE3, 0xB7, 0x7E, 0xD4, 0x61, 0x91, 0xA0, 0xEF,
  0xEF, 0x6F, 0x1E, 0x83, 0x11, 0x51, 0x2F, 0x1F, 0xAD, 0xDD, 0xB6, 0x8A, 0xD4, 0xC8, 0x3F, 0x85,
  0x30, 0x3C, 0x33, 0x5A, 0xB6, 0xE1, 0xA6, 0x1B, 0xBA, 0x68, 0xF7, 0xFC, 0xB0, 0xAE, 0xD1, 0xDE,
  0x2E, 0xB2, 0x9D, 0xF4, 0x54, 0x70, 0xF3, 0x83, 0xE4, 0x73, 0x97, 0x82, 0xF8, 0xB3, 0x95, 0xD5,
  0x73, 0xD9, 0xFC, 0x0C, 0x12, 0xF5, 0xDB, 0x84, 0x73, 0x45, 0x1C, 0x40, 0x2D, 0x9D, 0x6C, 0x26,
  0xF3, 0xF3, 0x04, 0x6D, 0x97, 0x3E, 0x17, 0x0D, 0x1B, 0xA0, 0x63, 0xBE, 0x96, 0x5C, 0x1E, 0xDB,
  0xC6, 0x92, 0x86, 0xBB, 0xAA, 0x3A, 0x1A, 0x0A, 0x96, 0x0D, 0xFA, 0x6D, 0xD1, 0xAF, 0x52, 0xF0,
  0x13, 0xEF, 0xBA, 0x4A, 0xAC, 0x0F, 0xF9, 0xDD, 0xFE, 0x50, 0xCA, 0xBC, 0x0A, 0x54, 0x0A, 0x39,
  0xC3, 0x76, 0xC4, 0x28, 0x07, 0x99, 0x15, 0x47, 0x7F, 0x89, 0x4F, 0x94, 0xEB, 0xC7, 0xB7, 0x27,
  0xF6, 0xD6, 0xF7, 0x15, 0xD5, 0xA6, 0x45, 0x1D, 0x2D, 0x70, 0x29, 0x43, 0xE1, 0x37, 0x37, 0x02,
  0xB3, 0x94, 0xEB, 0x21, 0xFD, 0x3A, 0x64, 0x0F, 0xA6, 0x54, 0xFF, 0x14, 0xB1, 0x0A, 0xF5, 0x0A,
  0x52, 0xC3, 0x31, 0x13, 0x5B, 0x8F, 0xA5, 0x4D, 0x3A, 0x1A, 0xCE, 0x23, 0xC1, 0xE4, 0xA2, 0xDF,
  0xF6, 0x3C, 0xB2, 0xBA, 0xCB, 0x8C, 0x41, 0x29, 0x17, 0x35, 0x27, 0x7A, 0xB8, 0x14, 0xDC, 0x8C,
  0xEF, 0x99, 0x18, 0x80, 0x08, 0x06, 0x83, 0xDD, 0x8A, 0x5C, 0xDB, 0xA6, 0xF1, 0x02, 0xD2, 0x30,
  0xC7, 0x8C, 0x5F, 0x51, 0x93, 0xAF, 0xA8, 0xB1, 0x05, 0xFD, 0xEB, 0x41, 0x60, 0xDF, 0x67, 0x9E,
  0xE7, 0x3B, 0xFF, 0xA7, 0xA4, 0x59, 0x27, 0x9A, 0x63, 0x63, 0x87, 0x2C, 0xDE, 0xE7, 0xEF, 0x26,
  0xA9, 0xBA, 0x6B, 0x04, 0x25, 0xBE, 0xBE, 0xFB, 0x99, 0x83, 0x83, 0x02, 0x08, 0x38, 0x69, 0xC4,
  0xC4, 0x2F, 0x0E, 0xA8, 0x30, 0x65, 0x9F, 0x0B, 0x42, 0x2A, 0x9E, 0x06, 0x91, 0x5F, 0x38, 0x94,
  0xA8, 0x90, 0x78, 0x73, 0xD0, 0xE6, 0xB5, 0xC9, 0xF7, 0xB8, 0xCF, 0x20, 0xCC, 0xDE, 0x4F, 0x74,
  0x5B, 0x26, 0xAA, 0x1C, 0x5F, 0xE1, 0xE7, 0x0F, 0xAD, 0x9A, 0x32, 0x04, 0x22, 0x31, 0x4F, 0xE9,
  0x78, 0x35, 0x81, 0x9F, 0xBD, 0xBC, 0x45, 0x37, 0xF2, 0xA3, 0xAF, 0x8E, 0xD6, 0x98, 0x9E, 0x76,
  0x36, 0x81, 0xCC, 0xF3, 0xFC, 0xC2, 0x06, 0xB3, 0x91, 0xAF, 0x32, 0xEC, 0x06, 0x69, 0x0F, 0x71,
  0x90, 0xF2, 0xA0, 0xEA, 0x47, 0x88, 0x74, 0xE9, 0x55, 0xA0, 0x01, 0x9B, 0x6C, 0xCC, 0x16, 0xF5,
  0x9B, 0xFD, 0x8E, 0x38, 0x07, 0xE7, 0x37, 0xFE, 0x1F, 0x36, 0xBE, 0x1A, 0xAE, 0x2E, 0x3A, 0x56,
  0xA7, 0xA2, 0x6C, 0x01, 0xF5, 0x9B, 0xD3, 0x1C, 0xAB, 0x9C, 0xE0, 0x91, 0x06, 0x62, 0x20, 0x2E,
  0x88, 0xCA, 0xA3, 0xEE, 0x47, 0xB1, 0xD8, 0xB2, 0x67, 0x69, 0x19, 0x6D, 0x49, 0x50, 0x27, 0x5B,
  0x43, 0xDD, 0xF6, 0xC7, 0x01, 0x03, 0x23, 0x7D, 0xEC, 0xE5, 0xC4, 0xF5, 0xA5, 0x32, 0xE8, 0x31,
  0x75, 0xA4, 0x33, 0x5C, 0x5C, 0x6F, 0xE0, 0x8C, 0x56, 0x50, 0x6F, 0xC9, 0x54, 0xB7, 0xCF, 0xB0,
  0x73, 0x47, 0xA7, 0xF5, 0x51, 0xF9, 0x51, 0x2B, 0xFE, 0x13, 0x62, 0x4E, 0x7F, 0x63, 0x70, 0xE3,
  0xFC, 0x1C, 0x5D, 0x27, 0x54, 0x21, 0xD0, 0x32, 0x16, 0x04, 0x89, 0x22, 0x6C, 0x9A, 0x7A, 0x1C,
  0x55, 0x12, 0x6E, 0x39, 0x0B, 0x9C, 0x8C, 0xF3, 0x6E, 0xC1, 0x3B, 0xC6, 0x27, 0x09, 0x26, 0x68,
  0xC6, 0xAD, 0xD9, 0x55, 0xBF, 0x1B, 0xED, 0x59, 0xF5, 0xDE, 0xE5, 0x1D, 0xE6, 0xB3, 0xE4, 0x0E,
  0x88, 0xFB, 0x70, 0x39, 0x40, 0xED, 0xCE, 0x5E, 0x60, 0xD7, 0xA1, 0xBF, 0x32, 0xB3, 0xBA, 0x1D,
  0x96, 0xF1, 0xD6, 0x75, 0xEC, 0x1D, 0x8A, 0x9C, 0x34, 0xDE, 0x7A, 0x91, 0x6D, 0x39, 0x1B, 0x27,
  0xEA, 0xB7, 0x25, 0x74, 0x40, 0x38, 0xC1, 0xF7, 0x4B, 0xE1, 0x8F, 0x90, 0x39, 0x08, 0x19, 0x86,
  0x18, 0x8B, 0xA3, 0x14, 0x48, 0xCB, 0x4A, 0xA6, 0x20, 0xC8, 0x0C, 0xFF, 0x84, 0x53, 0x40, 0x39,
  0xE3, 0x94, 0x27, 0x97, 0x12, 0x1D, 0xD0, 0x1D, 0x57, 0xAC, 0x8E, 0x38, 0x4F, 0x01, 0xD4, 0x8A,
  0x0E, 0xEC, 0x0A, 0x65, 0x7F, 0xF5, 0x19, 0x53, 0x64, 0xEC, 0xE6, 0x3B, 0x41, 0xF8, 0xD1, 0x14,
  0xE6, 0x03, 0x83, 0x47, 0x98, 0x4A, 0xD3, 0x2E, 0xE6, 0x64, 0xB6, 0xA3, 0xF3, 0x23, 0x87, 0xDA,
  0x3B, 0xCE, 0x82, 0x0B, 0x8C, 0x55, 0x51, 0xE2, 0xEF, 0x7A, 0x4A, 0xC7, 0xD9, 0x6B, 0xBD, 0xF0,
  0xEF, 0xF7, 0xA6, 0x52, 0x95, 0x57, 0xA1, 0xFD, 0x0C, 0x10, 0xD3, 0x90, 0x68, 0x70, 0x34, 0x53,
  0xF2, 0x5F, 0x9A, 0xEA, 0x3D, 0x50, 0xE6, 0x73, 0xBD, 0x93, 0xB3, 0x89, 0x04, 0xD7, 0x4C, 0xFE,
  0x9B, 0x06, 0x0B, 0xFE, 0x38, 0x54, 0xB2, 0x61, 0x51, 0xD0, 0xF5, 0x1B, 0x3B, 0xC2, 0x4D, 0xCD,
  0x72, 0xA9, 0xED, 0x5E, 0x06, 0xE6, 0x69, 0x5E, 0xEF, 0x6D, 0x6E, 0x9E, 0xCA, 0x8B, 0x4C, 0xE9,
  0x28, 0x99, 0x3F, 0x2E, 0xF6, 0x44, 0x2D, 0xDF, 0xF2, 0x0F, 0xCC, 0x0D, 0x56, 0xD9, 0x0D, 0xC7,
  0xEB, 0x13, 0x6C, 0xFD, 0x08, 0x63, 0xC9, 0x28, 0x7F, 0xDA, 0x17, 0xE8, 0xFF, 0xA9, 0x57, 0x13,
  0x2D, 0xAF, 0x1A, 0x9B, 0x9A, 0x37, 0x2E, 0xC3, 0x5B, 0x31, 0x2D, 0x34, 0xB9, 0xB2, 0xC6, 0xE1,
  0x7B, 0xF1, 0x29, 0x80, 0x54, 0x65, 0xAE, 0x47, 0xCB, 0x8B, 0x20, 0xCD, 0x1B, 0x2E, 0xA6, 0x85,
  0x39, 0x39, 0x2C, 0x38, 0xF6, 0xE9, 0xC0, 0x21, 0xBB, 0x4F, 0x30, 0xA4, 0x0D, 0x00, 0x3E, 0xCB,
  0xAC, 0x6D, 0xB9, 0xF7, 0xFE, 0xF0, 0x0D, 0x18, 0xEB, 0xC9, 0xCB, 0x04, 0xF5, 0x21, 0x0A, 0x81,
  0x40, 0x10, 0x49, 0xFD, 0xEE, 0x98, 0xEC, 0x8E, 0xBA, 0x71, 0x40, 0xE7, 0x87, 0xC3, 0x7C, 0x9E,
  0x9B, 0x9F, 0x85, 0x5A, 0xF1, 0xB7, 0x6C, 0x81, 0x5E, 0xBF, 0x97, 0xCC, 0x7A, 0xDC, 0x8B, 0x42,
  0x6F, 0x49, 0x9B, 0xD5, 0xFF, 0x65, 0x99, 0x1E, 0xCA, 0xF1, 0x90, 0x2A, 0xE8, 0xAD, 0xA8, 0x58,
  0x5E, 0x1B, 0xF3, 0xE6, 0x9D, 0x84, 0xE2, 0xB7, 0xC9, 0x05, 0x99, 0x0A, 0x9E, 0xDF, 0x26, 0xD7,
  0x71, 0xF5, 0x16, 0x1A, 0xC8, 0x33, 0x1C, 0xC6, 0xD6, 0xEE, 0xDE, 0x39, 0x9D, 0x9F, 0x5B, 0x72,
  0x04, 0x0B, 0xE0, 0xC6, 0x2A, 0x18, 0x94, 0x48, 0xDD, 0x95, 0x73, 0x09, 0x8F, 0xE1, 0x32, 0x2B,
  0xC8, 0x18, 0x47, 0x3A, 0x94, 0x77, 0x45, 0x92, 0xCF, 0xD3, 0x36, 0xF0, 0x08, 0x22, 0xE9, 0xD9,
  0x94, 0x62, 0x33, 0x57, 0x80, 0x05, 0xAB, 0x15, 0x74, 0xCA, 0x75, 0x05, 0x28, 0x20, 0xAD, 0x80,
  0xDD, 0x30, 0x0C, 0x30, 0x41, 0xF6, 0x81, 0x36, 0x1A, 0xF1, 0x71, 0x46, 0xFD, 0x9B, 0x63, 0xCB,
  0xF2, 0x10, 0x50, 0xD1, 0xC6, 0x37, 0x95, 0xB4, 0x00, 0x4C, 0x84, 0xF5, 0x5A, 0x01, 0x7A, 0x3F,
  0xA0, 0xC3, 0xBA, 0xC8, 0xDF, 0xFD, 0x21, 0x86, 0x21, 0x0A, 0x61, 0xCB, 0xD9, 0x16, 0x2B, 0x06,
  0xE1, 0xBD, 0x13, 0xBC, 0x89, 0xBC, 0x64, 0xEC, 0x3B, 0xDD, 0xB4, 0x04, 0xFF, 0x23, 0x96, 0xDC,
  0x8A, 0xF6, 0x34, 0x31, 0x6F, 0x72, 0xE1, 0x3A, 0xD5, 0xBE, 0x9B, 0xCD, 0xCD, 0xFE, 0x3E, 0xE0,
  0xF4, 0xEC, 0x30, 0x95, 0xCD, 0x8B, 0x3F, 0x6B, 0x57, 0xA8, 0xA5, 0xF2, 0xEA, 0x9A, 0xD0, 0x86,
  0xA3, 0xB0, 0xC1, 0xE1, 0xA9, 0x1A, 0xD5, 0xB9, 0xDD, 0x85, 0x46, 0x1D, 0xD2, 0x0E, 0xCC, 0x81,
  0xD0, 0x80, 0xB3, 0xBE, 0x04, 0x17, 0x5D, 0x7F, 0x9F, 0xA4, 0x79, 0x9D, 0x37, 0x5A, 0x66, 0x43,
  0x8E, 0x3A, 0xBB, 0x28, 0x86, 0xF9, 0x34, 0x85, 0xCA, 0x78, 0xF9, 0xC1, 0x7F, 0x46, 0x8B, 0x32,
  0x50, 0x96, 0x57, 0x35, 0x01, 0xF3, 0xD5, 0xDC, 0x15, 0x37, 0x2E, 0x1E, 0xA3, 0x92, 0xA2, 0x71,
  0x85, 0x9B, 0xEF, 0x7D, 0xDA, 0x37, 0x8D, 0x1F, 0xD8, 0x7D, 0xF6, 0x0B, 0x59, 0x8A, 0x1E, 0xE4,
  0x09, 0xA6, 0x8C, 0x00, 0x5C, 0x2A, 0x97, 0xE1, 0xB6, 0x66, 0x02, 0x6D, 0xEB, 0xBE, 0x2C, 0xDD,
  0xFB, 0x83, 0x9C, 0x89, 0xFC, 0x28, 0x11, 0x0D, 0x70, 0x2C, 0x01, 0xAB, 0x2F, 0x1E, 0x83, 0x5D,
  0x71, 0x77, 0xE7, 0xFD, 0x27, 0x59, 0x85, 0x23, 0x86, 0x31, 0x09, 0x2D, 0xAF, 0x30, 0x95, 0x7A,
  0xE3, 0x01, 0x7C, 0xB7, 0x02, 0xAB, 0x8C, 0xE9, 0x13, 0x43, 0x59, 0x0A, 0xA4, 0xB3, 0xE4, 0x23,
  0x6D, 0x3C, 0x93, 0xBD, 0xCE, 0x60, 0x68, 0x04, 0x96, 0x38, 0xEF, 0x07, 0xFA, 0xD1, 0x0A, 0x20
};

static const uint8_t emb_Aida_5[] = {
  0xDA, 0xE3, 0xE9, 0x28, 0x74, 0xFE, 0xF2, 0xA8, 0xB4, 0xE4, 0x34, 0xDF, 0xD9, 0x36, 0x99, 0x35,
  0x7B, 0xC0, 0x79, 0x8A, 0xC6, 0xDC, 0x06, 0xFC, 0xDE, 0xA8, 0xC3, 0xB4, 0x91, 0xF6, 0x33, 0x0E,
  0x00, 0xDF, 0x72, 0xC7, 0xAF, 0x3C, 0x2E, 0x8B, 0xB2, 0x58, 0xFD, 0x69, 0x41, 0x0B, 0x64, 0x5F,
  0xB4, 0xF8, 0xE3, 0x29, 0xF8, 0x7B, 0x1C, 0xB5, 0x8E, 0xFA, 0x11, 0x1D, 0xA1, 0x02, 0xE0, 0x44,
  0x21, 0xE6, 0x28, 0x2E, 0x01, 0x85, 0x89, 0xCA, 0x11, 0x1A, 0x6C, 0x2A, 0x3B, 0xCA, 0x23, 0x04,
  0xF9, 0x1C, 0xDA, 0x94, 0x15, 0x27, 0x74, 0xC5, 0x0C, 0xE8, 0x7C, 0x56, 0xDF, 0x6B, 0x4C, 0x19,
  0x51, 0x23, 0xFD, 0x2C, 0xBE, 0x71, 0xA4, 0x18, 0x12, 0xD6, 0xEB, 0xCA, 0x55, 0x2B, 0x66, 0x93,
  0x82, 0xC6, 0xA9, 0x44, 0xF8, 0x28, 0x4E, 0x29, 0x78, 0xBF, 0xAD, 0x5B, 0x6C, 0xAE, 0xD2, 0x0A,
  0x4E, 0x83, 0xFC, 0xBA, 0x33, 0x48, 0x93, 0x75, 0x20, 0x4A, 0xB4, 0xE3, 0x58, 0xB4, 0x7A, 0x25,
  0x3E, 0x53, 0x64, 0x85, 0xFF, 0xFA, 0x08, 0xB3, 0x4D, 0x8D, 0xEA, 0x94, 0x65, 0x03, 0x25, 0x71,
  0xB0, 0x8D, 0x80, 0x00, 0xB7, 0x88, 0x44, 0xC3, 0xAF, 0x83, 0x6B, 0x68, 0x32, 0x6F, 0x11, 0x03,
  0x11, 0xAE, 0x87, 0x3A, 0xDB, 0x8D, 0xBF, 0xC5, 0x9C, 0xE0, 0x02, 0xE3, 0x18, 0x97, 0xC2, 0x8F,
  0xC6, 0xCD, 0x12, 0xF1, 0xD5, 0xA5, 0x3C, 0x88, 0x60, 0x97, 0x43, 0x94, 0x74, 0xC0, 0xB3, 0x20,
  0x06, 0x40, 0xE0, 0xB2, 0x30, 0xCB, 0x3B, 0x3A, 0xF5, 0x97, 0x73, 0xB9, 0x52, 0x2F, 0x63, 0x41,
  0x03, 0x0D, 0x13, 0x08, 0xBC, 0x30, 0xA6, 0xFB, 0xE3, 0xD9, 0x6C, 0x8C, 0x9E, 0xF3, 0x2A, 0x16,
  0x1F, 0xD5, 0x18, 0xDB, 0xB4, 0x33, 0x60, 0xC3, 0x4D, 0x32, 0x04, 0x94, 0x0B, 0x67, 0xF7, 0xCB,
  0xC2, 0xFB, 0xB7, 0x87, 0xDE, 0x7D, 0xBD, 0xE6, 0x1E, 0x27, 0x58, 0xF5, 0x47, 0x24, 0x8C, 0x60,
  0x27, 0xD8, 0xFA, 0x32, 0x29, 0x54, 0xA6, 0x5B, 0x77, 0xCF, 0x28, 0x4E, 0xC9, 0x76, 0x21, 0xD2,
  0xCA, 0x9A, 0x71, 0x70, 0xC8, 0x43, 0xD0, 0xD4, 0xE2, 0x76, 0x9D, 0x6D, 0x05, 0x25, 0x4A, 0x77,
  0x90, 0x8C, 0x71, 0x03, 0x6D, 0x66, 0xFA, 0x0A, 0x3F, 0x06, 0x85, 0x75, 0x9A, 0xA7, 0x95, 0xE3,
  0xC9, 0xEB, 0x7B, 0x80, 0xD8, 0xC9, 0xE1, 0x7A, 0x86, 0x4F, 0x93, 0xA2, 0x4E, 0x37, 0x36, 0x62,
  0xCE, 0xF8, 0x67, 0x7C, 0x61, 0xBC, 0xE5, 0xB4, 0xC6, 0xB2, 0x09, 0x52, 0x12, 0x8A, 0x67, 0xC5,
  0xAC, 0x92, 0x4E, 0x63, 0xD8, 0x52, 0x03, 0xBE, 0x0D, 0xC5, 0x65, 0x08, 0x33, 0x80, 0xBB, 0xE5,
  0x57, 0xE4, 0x42, 0xF4, 0x47, 0x77, 0x00, 0xD9, 0xD5, 0x81, 0xE8, 0xCA, 0xD9, 0x36, 0x14, 0x73,
  0x08, 0x93, 0x37, 0x7E, 0x19, 0x6E, 0xF4, 0xB6, 0xD7, 0x50, 0x4D, 0xD1, 0xC4, 0x08, 0x97, 0xFA,
  0x42, 0x9C, 0xC5, 0x46, 0x8F, 0x28, 0x46, 0x74, 0xCD, 0xDB, 0x39, 0x92, 0x89, 0xEE, 0x59, 0x7A,
  0x69, 0x44, 0xD4, 0x6E, 0xF7, 0xFA, 0x4A, 0x4C, 0x55, 0x4A, 0x2C, 0xD7, 0xB9, 0xA9, 0x68, 0x59,
  0x7E, 0xF4, 0xE7, 0x46, 0x0A, 0xD0, 0xF8, 0x1C, 0xD2, 0xDC, 0xB8, 0xC9, 0xA2, 0x04, 0xC8, 0x9D,
  0xC8, 0xEC, 0x9C, 0x50, 0x2F, 0xC4, 0x98, 0x49, 0xEE, 0xFE, 0xC7, 0x8C, 0xD2, 0x2A, 0x22, 0x77,
  0x04, 0xCF, 0xC8, 0xAD, 0xD1, 0xCF, 0x8F, 0x59, 0x53, 0xD1, 0x45, 0xA3, 0xE1, 0xCF, 0x3A, 0xC0,
  0x21, 0x1A, 0x69, 0x0A, 0x8E, 0x04, 0x41, 0xAD, 0xAA, 0x51, 0x22, 0xF6, 0x26, 0xD0, 0x54, 0x42,
  0x6E, 0x4F, 0x24, 0x90, 0x51, 0xBB, 0x38, 0xA5, 0x09, 0x47, 0xAE, 0xF6, 0x48, 0xB7, 0xA5, 0xFA,
  0x98, 0x47, 0xD6, 0x67, 0x36, 0x08, 0x4F, 0x76, 0x56, 0x9C, 0x98, 0x98, 0x86, 0xEA, 0xC0, 0x89,
  0x4C, 0x89, 0x9C, 0xC3, 0x9D, 0x5E, 0x1D, 0xC9, 0x15, 0x22, 0x16, 0xF7, 0x1B, 0x56, 0x81, 0xD4,
  0x08, 0x1F, 0x41, 0x00, 0x3E, 0x7D, 0xE6, 0x37, 0xD0, 0xE0, 0x6D, 0x93, 0x9E, 0xDA, 0x37, 0x86,
  0x00, 0xD0, 0x60, 0x42, 0xC2, 0x44, 0xE5, 0x32, 0x36, 0x07, 0xAF, 0x91, 0x1E, 0xF9, 0xFB, 0x1D,
  0xEB, 0x29, 0x5B, 0x9E, 0xD5, 0xA6, 0x02, 0xFC, 0x55, 0xF1, 0xFB, 0x2D, 0x08, 0x0F, 0x09, 0xCC,
  0x27, 0x19, 0x77, 0x5A, 0xF0, 0x8B, 0x54, 0x99, 0x43, 0xEF, 0x59, 0x8D, 0x2F, 0x91, 0x1C, 0xC4,
  0xDC, 0x8E, 0xDA, 0xBF, 0x98, 0x4C, 0x20, 0x9A, 0xF3, 0x88, 0x92, 0xB5, 0xC2, 0xF4, 0x47, 0x54,
  0x24, 0x3F, 0x54, 0xE7, 0x16, 0x7D, 0xD4, 0x9C, 0x30, 0x64, 0xA7, 0x12, 0xE7, 0xD6, 0x00, 0x69,
  0x1A, 0x8D, 0x56, 0x3D, 0x3D, 0x53, 0x6E, 0x19, 0x66, 0x5D, 0x48, 0x06, 0x3E, 0xF2, 0x66, 0x57,
  0xC2, 0x9D, 0xD9, 0xF5, 0x01, 0xA7, 0x44, 0xD0, 0x6E, 0x65, 0x30, 0xE2, 0x69, 0x2E, 0xDC, 0x5A,
  0x23, 0xF2, 0xEA, 0x4B, 0x76, 0x43, 0x3B, 0xA6, 0x5E, 0xF2, 0xC9, 0xC1, 0x1C, 0xAB, 0x20, 0xA2,
  0x58, 0xEA, 0x04, 0x36, 0x9A, 0xA1, 0x5C, 0xC4, 0xD1, 0xE6, 0x6E, 0xC3, 0x7A, 0xEE, 0x29, 0x03,
  0x38, 0x3E, 0xB2, 0xBC, 0x4A, 0x01, 0xEF, 0xAA, 0x90, 0x42, 0xA2, 0x22, 0xD3, 0x99, 0x27, 0x2F,
  0x9A, 0xAA, 0x03, 0x5E, 0xDC, 0x14, 0x06, 0x57, 0x6C, 0xA3, 0x8E, 0x93, 0xEB, 0xF9, 0x97, 0xF5,
  0xCD, 0x9A, 0xAB, 0x92, 0xAB, 0xFD, 0x60, 0x35, 0x0E, 0x70, 0x38, 0xFA, 0x51, 0xBB, 0xCA, 0xA7,
  0xAA, 0xCE, 0x22, 0xA0, 0x2E, 0x68, 0x08, 0xA7, 0x35, 0x4F, 0x6E, 0x3D, 0x1A, 0x61, 0xAC, 0xDC,
  0xCA, 0xA5, 0x35, 0xC9, 0xC3, 0xE4, 0x9B, 0xA8, 0x4F, 0x80, 0x74, 0x31, 0x33, 0x75, 0x37, 0x94,
  0x6A, 0x9E, 0xE8, 0x4F, 0xA8, 0xA0, 0x4A, 0x52, 0xA7, 0x81, 0x1F, 0x76, 0xCE, 0x57, 0x37, 0xC6,
  0x00, 0x49, 0xAB, 0xA1, 0x16, 0x19, 0x82, 0x92, 0xEA, 0xA4, 0xF5, 0x10, 0x8A, 0x5E, 0xE0, 0xC3,
  0x31, 0x02, 0xB7, 0x5E, 0x90, 0xFE, 0x66, 0x19, 0xC6, 0xCE, 0xA0, 0x89, 0xC5, 0xC9, 0xBD, 0xF3,
  0xAB, 0x8F, 0x91, 0xC7, 0x13, 0x8F, 0xFA, 0x19, 0x8B, 0xD5, 0xBC, 0xAB, 0x86, 0xDB, 0xEE, 0xBA,
  0xD9, 0x0A, 0x27, 0xAA, 0xD6, 0x07, 0xF2, 0x40, 0x08, 0xE5, 0x8B, 0x53, 0xCF, 0xCB, 0x87, 0xCE,
  0xB8, 0x0F, 0x9B, 0x69, 0x0F, 0xF2, 0x13, 0xC2, 0xCD, 0xC9, 0xC8, 0x98, 0x03, 0x40, 0x2D, 0x53,
  0x52, 0x5E, 0xE2, 0x12, 0xA0, 0xBB, 0x90, 0x8E, 0x70, 0x71, 0x1C, 0xE1, 0xFC, 0x65, 0x1D, 0x9D,
  0xDB, 0x9D, 0x9C, 0x73, 0x9E, 0xD3, 0x4C, 0x50, 0x52, 0xBD, 0xB4, 0x76, 0x1A, 0x87, 0x42, 0x08,
  0xA4, 0xFF, 0xA8, 0x87, 0x12, 0x6D, 0x63, 0x7A, 0xCB, 0x81, 0x2B, 0x2A, 0x2E, 0x3F, 0xDA, 0xA8,
  0xAB, 0x8D, 0x95, 0xFC, 0x69, 0x8A, 0x2E, 0xC8, 0xF0, 0xC3, 0xEE, 0xF0, 0x1C, 0x33, 0x6A, 0xF2,
  0x19, 0x50, 0x72, 0x83, 0x36, 0x33, 0x39, 0xFC, 0xC8, 0x24, 0x12, 0x24, 0xA5, 0x3A, 0x6F, 0x59,
  0x1B, 0xC2, 0xD3, 0x9E, 0xA0, 0xDE, 0x2C, 0xC7, 0x9D, 0x14, 0x70, 0xFF, 0x77, 0xCB, 0xE5, 0x39,
  0x17, 0xD8, 0x90, 0xBD, 0x1A, 0x65, 0xC6, 0x06, 0x8F, 0xE3, 0x4A, 0x8F, 0x85, 0x32, 0x5C, 0x99,
  0xBE, 0xBF, 0x37, 0x30, 0x83, 0x49, 0x9B, 0x20, 0x7D, 0xCE, 0x21, 0xDE, 0x58, 0x12, 0xEE, 0xAA,
  0x16, 0x58, 0x88, 0x24, 0x83, 0x2E, 0x02, 0xBC, 0x2F, 0xB5, 0x80, 0x8B, 0xAE, 0x58, 0x8B, 0x86,
  0xAF, 0xBF, 0xD2, 0x20, 0x3D, 0x56, 0x03, 0x81, 0x83, 0x62, 0x58, 0xA8, 0x2F, 0xD0, 0xFD, 0x0A,
  0x8F, 0x7F, 0xD0, 0xA2, 0x3E, 0x02, 0xCE, 0xE2, 0x1C, 0x62, 0x80, 0xC4, 0x06, 0x63, 0xDB, 0xF6,
  0x34, 0x3F, 0xB8, 0x22, 0xE0, 0x65, 0xC2, 0xA2, 0x3D, 0x84, 0x23, 0x5B, 0xE5, 0xB0, 0xFA, 0x6A,
  0x07, 0x72, 0x7C, 0xE9, 0x2F, 0x99, 0x47, 0x3F, 0xFD, 0xF8, 0xFC, 0x53, 0x20, 0x61, 0x1F, 0x8C,
  0xC6, 0xE4, 0x6A, 0x5F, 0xC9, 0xFF, 0x9F, 0xBC, 0x2A, 0x8F, 0x4B, 0x4A, 0x98, 0xBF, 0xFC, 0x18,
  0x77, 0x3F, 0xCF, 0x38, 0x46, 0xEA, 0x0F, 0x7D, 0x58, 0x49, 0x3D, 0xB5, 0x26, 0x07, 0x78, 0x7D,
  0xB1, 0xCF, 0xCE, 0x06, 0x34, 0xC9, 0xBB, 0x24, 0xE9, 0xB5, 0x5C, 0xE9, 0x97, 0x5E, 0x6A, 0x63,
  0xD8, 0x1D, 0x74, 0x1A, 0x68, 0xB5, 0x7E, 0xBB, 0x65, 0x3D, 0xE6, 0x97, 0x88, 0xCF, 0x25, 0x4A,
  0x7F, 0xF8, 0x33, 0xE0, 0xC7, 0xEF, 0x74, 0x7A, 0x67, 0x4B, 0x9F, 0x01, 0xB3, 0x73, 0x81, 0xE3,
  0xE2, 0xC9, 0xE1, 0x6E, 0xCA, 0x59, 0x79, 0xC1, 0xFB, 0x16, 0x7D, 0x63, 0x41, 0x37, 0xD8, 0x00,
  0x55, 0xA8, 0xE8, 0xAD, 0x9F, 0xF2, 0x3C, 0xB7, 0xC3, 0x09, 0xEC, 0x73, 0xA6, 0x7C, 0x86, 0x24,
  0x71, 0x20, 0xA5, 0x01, 0x46, 0x7F, 0xAA, 0xFD, 0x84, 0x58, 0xAB, 0x9B, 0x2F, 0xFD, 0x35, 0x8E,
  0xFF, 0xEA, 0xE3, 0x21, 0x94, 0xB5, 0xB0, 0xC2, 0x7F, 0xD6, 0xE2, 0xE3, 0xDE, 0x7C, 0x6C, 0x1C,
  0x6B, 0xD0, 0x8B, 0xF1, 0xA7, 0x1B, 0xDB, 0xB6, 0xEC, 0x3C, 0x39, 0x51, 0xA9, 0x9B, 0xD1, 0x3E,
  0xC6, 0xB1, 0x82, 0x46, 0xFB, 0x44, 0xA2, 0x34, 0xFA, 0xC6, 0xA1, 0xA2, 0xEA, 0x22, 0x5B, 0xF4,
  0xEB, 0x3B, 0x23, 0x4E, 0x78, 0x4C, 0x60, 0x56, 0x5D, 0x43, 0x7E, 0xAD, 0xD7, 0x59, 0xB1, 0x4B,
  0x78, 0xD1, 0xBE, 0xBC, 0xC7, 0x41, 0x3C, 0xAB, 0x87, 0xB6, 0xC0, 0xC5, 0x20, 0xB6, 0xD9, 0xD2,
  0x48, 0x91, 0xEC, 0x28, 0xD4, 0x46, 0x41, 0xE7, 0x02, 0xB8, 0x2F, 0x1E, 0xAD, 0x3F, 0xD7, 0x72,
  0x31, 0xA1, 0x73, 0xF5, 0xA2, 0xEA, 0x9E, 0xD1, 0x82, 0x9B, 0xA3, 0x0E, 0x97, 0xCD, 0x68, 0x09,
  0x5F, 0xD4, 0x15, 0x2A, 0xE9, 0x71, 0x91, 0xA0, 0x73, 0x2A, 0xAD, 0x1F, 0x43, 0x1F, 0x17, 0xC5,
  0xC0, 0xC2, 0xC0, 0xD4, 0x0C, 0x0D, 0xC8, 0x4E, 0xA7, 0x1B, 0xCE, 0x44, 0xDD, 0x4E, 0xE8, 0xCB,
  0x2A, 0x84, 0x6A, 0x7D, 0x9C, 0xA7, 0x14, 0x77, 0x55, 0x5B, 0xD9, 0x60, 0x7E, 0x57, 0x5B, 0x99,
  0x71, 0x90, 0x2A, 0x70, 0x29, 0xD9, 0x55, 0xBB, 0x8D, 0x92, 0xC8, 0x65, 0x15, 0xF7, 0xA6, 0x94,
  0x0D, 0xD6, 0x40, 0xF5, 0x27, 0xB1, 0xA1, 0xF4, 0x05, 0x39, 0x26, 0x69, 0x2D, 0xF2, 0x5B, 0xBE,
  0x4F, 0xE2, 0x7A, 0xCF, 0xE7, 0x1A, 0x74, 0x2C, 0x61, 0xCD, 0x85, 0x1C, 0x2B, 0x7E, 0x0E, 0x59,
  0x5D, 0x4D, 0x3C, 0xA3, 0xE8, 0x2B, 0x53, 0x88, 0x33, 0xD4, 0xB6, 0x4A, 0x1F, 0x69, 0xA4, 0x0A,
  0x80, 0x39, 0xC3, 0x20, 0x08, 0xD1, 0xB4, 0x4F, 0xBC, 0xC5, 0xBC, 0x8B, 0xC6, 0x55, 0xD4, 0x4B,
  0xEE, 0x68, 0x2D, 0xCF, 0x94, 0x04, 0x51, 0x94, 0xF6, 0x83, 0x62, 0x38, 0x7C, 0x3E, 0xF5, 0x55,
  0x23, 0xB5, 0x16, 0x53, 0x42, 0xAA, 0xE2, 0xA9, 0xB3, 0x07, 0xB8, 0xB8, 0xF6, 0xBB, 0xEF, 0x1E,
  0xA5, 0xC6, 0x8C, 0xCD, 0x8B, 0xB1, 0x7D, 0xDB, 0x58, 0x57, 0x73, 0xC9, 0x4B, 0xA8, 0x2D, 0x5C,
  0x83, 0x4A, 0xCE, 0xFC, 0x8A, 0x74, 0x73, 0xA0, 0x13, 0x96, 0x5B, 0x95, 0xA7, 0xC7, 0x03, 0x73,
  0x83, 0xD7, 0xC2, 0x6D, 0xF0, 0x48, 0x77, 0xB4, 0xA8, 0x49, 0xDF, 0xDF, 0x99, 0xE0, 0x1B, 0x9C,
  0xDE, 0xE2, 0x67, 0xCA, 0x39, 0x7A, 0x54, 0xFE, 0x2D, 0x0E, 0x3E, 0x18, 0x5A, 0x26, 0x55, 0x17,
  0xA0, 0x38, 0xBF, 0xEC, 0x7F, 0x5F, 0xA6, 0xEA, 0x88, 0x2D, 0x99, 0x80, 0x02, 0xBC, 0x0C, 0x3A,
  0x5C, 0x9D, 0xBD, 0xBE, 0xB8, 0x35, 0x28, 0x1A, 0x75, 0x4D, 0x5C, 0x7A, 0xC4, 0x6F, 0x84, 0xFD,
  0xBD, 0xC6, 0x4C, 0x1F, 0xE8, 0x4C, 0xD1, 0x74, 0x2E, 0xF7, 0xED, 0x51, 0xC9, 0x1A, 0x46, 0x0F,
  0x54, 0x18, 0x0A, 0x61, 0xC7, 0x00, 0x38, 0xA4, 0xB1, 0x50, 0xBD, 0x10, 0x46, 0x3F, 0x6D, 0x9D,
  0xF3, 0x3E, 0xE1, 0x9F, 0x37, 0xD8, 0xCE, 0xC0, 0x6D, 0xB2, 0x01, 0x43, 0x6C, 0x2E, 0x0A, 0x2E,
  0x2F, 0xBB, 0xDF, 0x6C, 0xAB, 0xDD, 0x75, 0x48, 0x77, 0x7D, 0x7E, 0x88, 0x34, 0xAE, 0xF4, 0x05,
  0xE2, 0x99, 0x20, 0x85, 0x4D, 0x51, 0x9D, 0x8E, 0xAD, 0x99, 0x19, 0x56, 0x88, 0x7E, 0xE6, 0x04,
  0xF4, 0xAA, 0xEB, 0xCF, 0x6F, 0x08, 0x4A, 0x1F, 0xFD, 0x6E, 0x21, 0x78, 0xAE, 0x80, 0x9B, 0xE8,
  0xB6, 0x76, 0xAC, 0x67, 0xAD, 0xC5, 0x50, 0x94, 0x27, 0xB4, 0x71, 0x53, 0xCC, 0x00, 0x14, 0xF4,
  0xFE, 0x5F, 0x0C, 0x7D, 0xDD, 0x2E, 0x39, 0x1B, 0x8A, 0x3F, 0x05, 0xDD, 0x9C, 0xA0, 0x13, 0x78,
  0xD4, 0x88, 0x94, 0x76, 0x7D, 0x80, 0xF5, 0x38, 0x8F, 0x32, 0x56, 0x22, 0x3C, 0xA8, 0x0B, 0x2D,
  0x1D, 0x25, 0x23, 0xC0, 0x9A, 0xD4, 0x17, 0x10, 0xDC, 0x8E, 0x00, 0x32, 0x23, 0x32, 0x8F, 0x7C,
  0x07, 0x33, 0x69, 0x21, 0x4D, 0x25, 0xA9, 0xFF, 0xEF, 0x56, 0x27, 0x5A, 0x8D, 0x50, 0x08, 0xEF,
  0xEC, 0xF9, 0x1D, 0x65, 0xF4, 0x19, 0x65, 0x47, 0x77, 0x3D, 0xF7, 0x26, 0x5D, 0x93, 0x49, 0x20,
  0x00, 0xFF, 0xA7, 0x5E, 0xB6, 0x90, 0xED, 0x7A, 0xBD, 0xB3, 0x4F, 0x12, 0x8A, 0xCA, 0x09, 0xBC,
  0x70, 0xDE, 0xE3, 0xD2, 0x0D, 0x53, 0x2F, 0xF0, 0x1E, 0xC4, 0xC2, 0xB7, 0x61, 0x1C, 0xB9, 0x9E,
  0x85, 0x0B, 0xB7, 0x84, 0x67, 0x4C, 0x80, 0x94, 0x59, 0xED, 0x25, 0x44, 0xDB, 0x63, 0x51, 0xFC,
  0xC0, 0x39, 0x4D, 0xBD, 0xB6, 0x8C, 0xD9, 0x09, 0x13, 0x78, 0xCF, 0x6D, 0x5C, 0x47, 0x3C, 0xBF,
  0xAD, 0x31, 0x73, 0xCF, 0xEB, 0xAE, 0xA0, 0x55, 0x3D, 0x12, 0x9E, 0x9D, 0xF6, 0x44, 0x4B, 0x6C,
  0xA6, 0xD0, 0x0F, 0x2B, 0x79, 0xB1, 0x8D, 0x33, 0xBF, 0x9E, 0xFE, 0xDD, 0x9A, 0xBE, 0xD4, 0x25,
  0xFC, 0xA3, 0xA9, 0x04, 0x6B, 0xE0, 0xD7, 0xEE, 0x00, 0xE0, 0xBD, 0xAA, 0x15, 0xC2, 0xD6, 0x45,
  0xF4, 0x56, 0x79, 0xA2, 0x26, 0x21, 0xEE, 0x0B, 0xC2, 0x9D, 0x22, 0xCE, 0xF4, 0x8F, 0x8A, 0x6F,
  0x97, 0x1B, 0x25, 0xD2, 0x21, 0xA9, 0x4C, 0xFC, 0x98, 0x54, 0xBB, 0xCC, 0xCC, 0x69, 0x84, 0x56,
  0xC2, 0x5C, 0x21, 0x34, 0x42, 0xE8, 0xA8, 0x8E, 0x87, 0xA2, 0xDF, 0x6B, 0x21, 0x54, 0xC4, 0xCF,
  0x1B, 0x22, 0x8E, 0x09, 0x81, 0x5D, 0x57, 0xE4, 0xE1, 0xAA, 0x26, 0x76, 0xD1, 0x82, 0x84, 0x3A,
  0x53, 0x8E, 0x96, 0x99, 0x46, 0x31, 0xBA, 0x98, 0xB2, 0x69, 0xD6, 0xDE, 0x5B, 0xEA, 0x5F, 0x4C,
  0x8B, 0x2E, 0x9F, 0x45, 0x4D, 0xBC, 0x29, 0x26, 0xA4, 0x54, 0x9B, 0xB7, 0x3C, 0xDF, 0xBA, 0x16,
  0x5F, 0x2F, 0x58, 0x10, 0xAC, 0xA1, 0x32, 0x36, 0xC3, 0x3B, 0xEB, 0xB6, 0xDE, 0xE5, 0xE3, 0xED,
  0xCE, 0x18, 0xDF, 0x64, 0xC8, 0x8A, 0xC6, 0x1F, 0x2D, 0x3F, 0xFC, 0xBA, 0x57, 0x8D, 0xED, 0x37,
  0x6A, 0xDA, 0x85, 0x0D, 0x1A, 0x59, 0x8B, 0x18, 0x93, 0xBC, 0xF2, 0x62, 0xA0, 0x55, 0x52, 0xE1,
  0xB8, 0x21, 0x23, 0xBC, 0x19, 0x4E, 0xA7, 0xD9, 0x29, 0x78, 0xA7, 0x88, 0x7F, 0xC2, 0x3D, 0x1B
};

static const uint8_t emb_Aida_6[] = {
  0x8E, 0xD7, 0x31, 0x14, 0x66, 0x75, 0x96, 0x26, 0xB9, 0x1B, 0x88, 0xB4, 0xBA, 0x86, 0x0F, 0xA7,
  0x91, 0x5E, 0x74, 0x8D, 0xDC, 0xC7, 0x2F, 0xAA, 0xFA, 0xA2, 0x9E, 0xE8, 0x82, 0xD5, 0xCC, 0x3E,
  0x87, 0x4C, 0x10, 0xD3, 0x05, 0x1A, 0xB8, 0x35, 0x92, 0x60, 0xA5, 0x58, 0x9B, 0x1B, 0x32, 0x3C,
  0x9B, 0x02, 0x21, 0xA0, 0x74, 0x93, 0x89, 0x0D, 0x8E, 0x76, 0x58, 0xB6, 0xEE, 0x4C, 0xB2, 0x28,
  0x4A, 0x79, 0x10, 0xA5, 0x92, 0x78, 0xA4, 0xF6, 0x74, 0xEC, 0xEE, 0xC2, 0xE9, 0xED, 0x13, 0xB7,
  0x5D, 0xAC, 0xAF, 0x61, 0x92, 0x5B, 0x38, 0xA4, 0xC8, 0x1A, 0x88, 0x1F, 0x1F, 0x3D, 0x73, 0x09,
  0xAF, 0xA2, 0x7A, 0xAA, 0xA6, 0xBF, 0x17, 0xED, 0x5A, 0x50, 0x0E, 0xDF, 0x25, 0x27, 0x50, 0xF1,
  0x2C, 0xC5, 0x3C, 0xDC, 0x39, 0x75, 0x00, 0x9E, 0xD4, 0xF1, 0x49, 0x13, 0x8D, 0x39, 0x14, 0x7A,
  0x2E, 0x1A, 0xD6, 0xDA, 0x4F, 0x3C, 0x71, 0x37, 0x2E, 0x82, 0x71, 0x5E, 0xD4, 0x8A, 0x3E, 0x07,
  0xB2, 0x24, 0xC6, 0x6D, 0x1F, 0xF6, 0x90, 0x89, 0x14, 0x0B, 0x59, 0x6C, 0x0F, 0xF0, 0x09, 0xD4,
  0x6E, 0xC0, 0xC0, 0x67, 0x92, 0x22, 0xC1, 0xDD, 0xC3, 0x67, 0xF7, 0x23, 0x42, 0xF2, 0x0C, 0x66,
  0x79, 0xB3, 0x88, 0xD5, 0xAB, 0x0F, 0x15, 0x84, 0x21, 0x54, 0xD5, 0xB1, 0x55, 0x82, 0x10, 0xAE,
  0x59, 0xC3, 0x4B, 0xB2, 0xBC, 0x54, 0x48, 0x87, 0x94, 0xFD, 0xD0, 0x9D, 0x71, 0x24, 0x50, 0x11,
  0xA5, 0xA0, 0x00, 0x3F, 0x1E, 0x89, 0xDF, 0x52, 0xC7, 0x64, 0x11, 0x1E, 0xCE, 0xC3, 0x68, 0x6F,
  0xD6, 0x3B, 0x19, 0x3B, 0x1E, 0xCF, 0xAB, 0x27, 0x20, 0x50, 0xFB, 0x05, 0xA4, 0x43, 0x75, 0xD8,
  0x2E, 0x43, 0x44, 0x51, 0xE6, 0x7E, 0xE5, 0x4F, 0x74, 0x62, 0x85, 0xC3, 0xFF, 0x1A, 0x50, 0xBF,
  0xD5, 0x45, 0x2B, 0x13, 0x89, 0x04, 0x9C, 0xDD, 0x04, 0x62, 0x83, 0xFD, 0x1F, 0x50, 0x03, 0xB6,
  0x18, 0xB8, 0xC9, 0x9D, 0xE5, 0x48, 0xD9, 0xD5, 0xF8, 0x98, 0x10, 0x45, 0x55, 0x0A, 0x30, 0xFF,
  0xF7, 0xEF, 0x6C, 0x21, 0x31, 0x1C, 0x0F, 0x78, 0x07, 0xB1, 0x02, 0x8F, 0x4B, 0x61, 0x4F, 0x58,
  0xFE, 0xCB, 0x66, 0x48, 0xBC, 0x9C, 0xC5, 0x87, 0x7F, 0x63, 0x3E, 0x60, 0x8B, 0xF9, 0xDE, 0xCF,
  0x65, 0x90, 0x2C, 0xEC, 0x77, 0x6C, 0xD3, 0x6A, 0x24, 0x75, 0xBE, 0xE2, 0x5A, 0x29, 0xAA, 0x30,
  0xC2, 0x3D, 0x1F, 0xF9, 0x60, 0xEA, 0x0A, 0xCC, 0x6B, 0x70, 0x10, 0x49, 0xCF, 0xC1, 0x6C, 0xB1,
  0x7A, 0x35, 0xAB, 0x8D, 0x3C, 0x88, 0xF2, 0xD2, 0x3B, 0x64, 0x62, 0x5E, 0x14, 0xBA, 0x82, 0x33,
  0x22, 0xB9, 0x0A, 0x2B, 0x8B, 0xBF, 0x57, 0xDA, 0xF8, 0x1F, 0x90, 0xBF, 0x94, 0x13, 0xAE, 0x2C,
  0xC9, 0x8A, 0x66, 0x61, 0xEC, 0x92, 0x0A, 0x2C, 0xD7, 0x90, 0x36, 0xB7, 0x0A, 0x27, 0x6E, 0x56,
  0x21, 0xE4, 0x22, 0xE5, 0x77, 0x89, 0x5F, 0x84, 0x9E, 0xED, 0xCC, 0xED, 0x32, 0x28, 0x9E, 0x8A,
  0xB4, 0x93, 0xB4, 0xFA, 0x9D, 0xE5, 0xDA, 0x41, 0xD0, 0xCF, 0x20, 0xFB, 0xF6, 0xDD, 0xD0, 0x2D,
  0xBA, 0xE8, 0x95, 0x03, 0x4D, 0x68, 0x21, 0x8A, 0x8A, 0xEB, 0x04, 0x23, 0x16, 0xAC, 0x19, 0x85,
  0x0E, 0x60, 0xF1, 0xF0, 0xDC, 0xA6, 0x83, 0xC4, 0x37, 0x74, 0x84, 0xE9, 0xCA, 0x95, 0x7C, 0x7C,
  0x55, 0x75, 0xE1, 0xDE, 0xC6, 0x1F, 0x14, 0x8E, 0x23, 0xEB, 0xA9, 0x3C, 0x7C, 0x03, 0xEB, 0x01,
  0xA2, 0xB5, 0x60, 0xF3, 0xBC, 0x8B, 0x17, 0xE0, 0x61, 0x7C, 0x08, 0xF0, 0x1E, 0x55, 0x0B, 0x32,
  0x0B, 0x91, 0x0A, 0xA8, 0xC9, 0x15, 0x27, 0xBC, 0xFF, 0xA7, 0xC0, 0x2A, 0xB9, 0x30, 0x64, 0x09,
  0xDE, 0xD7, 0x3F, 0xD1, 0x5C, 0x86, 0xA4, 0x20, 0x34, 0x6D, 0xAD, 0x89, 0x7B, 0x43, 0xE6, 0x8C,
  0x2A, 0xF9, 0x38, 0x2B, 0x8E, 0x69, 0xDE, 0xF7, 0xBD, 0x8E, 0xE4, 0x49, 0x60, 0x9A, 0xF2, 0xFD,
  0x38, 0xA4, 0x13, 0x53, 0xF3, 0xD2, 0x56, 0xE2, 0x71, 0xE9, 0xF8, 0x37, 0x61, 0x89, 0x77, 0x2F,
  0x23, 0x37, 0x53, 0x02, 0xAB, 0x04, 0xF1, 0x4F, 0xCF, 0xE3, 0xFC, 0x40, 0x10, 0xDC, 0xF0, 0xD2,
  0x37, 0x84, 0xBF, 0xA0, 0x7C, 0xDA, 0xE7, 0x5A, 0x63, 0xE3, 0x50, 0xB6, 0x74, 0xF6, 0x8F, 0xAF,
  0x37, 0xD8, 0x08, 0xF0, 0xC4, 0x22, 0x56, 0x0A, 0xCE, 0x29, 0xCC, 0x39, 0x25, 0x35, 0x9F, 0x41,
  0x7D, 0xB0, 0x93, 0xF1, 0x95, 0x29, 0x2E, 0x08, 0x6B, 0x53, 0xEB, 0x7A, 0xF1, 0x85, 0xA3, 0x07,
  0x82, 0x06, 0xD1, 0xDA, 0xB3, 0x32, 0x18, 0xA9, 0xA7, 0xA6, 0x95, 0x8A, 0x86, 0xC6, 0x51, 0x30,
  0x48, 0x96, 0xF6, 0x16, 0x02, 0x44, 0x7F, 0x74, 0x9A, 0xAC, 0x37, 0xEC, 0x35, 0x9E, 0x11, 0x96,
  0xA4, 0xC4, 0x7D, 0xF2, 0x30, 0x22, 0x09, 0x17, 0x51, 0x18, 0x71, 0x44, 0x99, 0x9D, 0x55, 0xD5,
  0xC6, 0x17, 0x97, 0xE3, 0x71, 0x25, 0xB7, 0xB8, 0x35, 0x27, 0xAB, 0xD3, 0xC8, 0xE5, 0x29, 0x0D,
  0x12, 0xBB, 0x2B, 0x2C, 0x8A, 0x6C, 0xAB, 0x30, 0xC5, 0x45, 0xB8, 0x7F, 0x5E, 0x9E, 0x9B, 0xDD,
  0xD0, 0x03, 0xFA, 0xBB, 0xAC, 0xB4, 0x40, 0x70, 0xC9, 0xE8, 0x69, 0xCE, 0x2C, 0xB2, 0x49, 0x50,
  0x89, 0x06, 0x67, 0x25, 0xE0, 0x8A, 0x14, 0xD9, 0x6E, 0x67, 0xFF, 0x6A, 0xD3, 0x3D, 0xE1, 0x35,
  0xBA, 0x04, 0x75, 0x30, 0x00, 0x4D, 0x15, 0x73, 0x14, 0x37, 0xBD, 0xD4, 0x65, 0xC2, 0xEA, 0x1D,
  0xF5, 0x94, 0xB3, 0xB7, 0x6A, 0xF7, 0x74, 0x23, 0x2B, 0x68, 0xBF, 0xFE, 0x20, 0xB5, 0xCD, 0xD8,
  0x4F, 0x3B, 0x32, 0x96, 0xE4, 0xC3, 0x3C, 0x74, 0xED, 0x21, 0xEC, 0x75, 0xFA, 0xA6, 0x6C, 0xAD,
  0xA7, 0x98, 0x3B, 0x6A, 0xDB, 0xA9, 0xE4, 0x38, 0x3B, 0xE6, 0x6C, 0xE0, 0x6E, 0xA4, 0x1B, 0x5C,
  0x26, 0xC8, 0xCC, 0x45, 0x44, 0x7C, 0xF3, 0x79, 0xF5, 0xE8, 0x41, 0xA0, 0xED, 0xDC, 0x6B, 0x30,
  0xF4, 0x27, 0x22, 0xB8, 0x3B, 0xF8, 0x87, 0x3F, 0xDF, 0x6B, 0x5E, 0xF9, 0x1C, 0xCD, 0x4A, 0x79,
  0x27, 0x83, 0xF5, 0xAB, 0xAC, 0x18, 0x2A, 0x58, 0x73, 0xF3, 0xF2, 0x9B, 0xEF, 0xF5, 0xCC, 0x59,
  0x34, 0x3A, 0xC5, 0xAD, 0xF7, 0x4C, 0x5F, 0xED, 0xB5, 0x2B, 0xE2, 0x49, 0xCB, 0xB7, 0x13, 0xDB,
  0xD6, 0x26, 0xA9, 0xD5, 0xE3, 0xA2, 0xF4, 0x96, 0x90, 0xE2, 0x3E, 0x18, 0x62, 0xC8, 0x47, 0x29,
  0xA0, 0x5C, 0x0D, 0x00, 0x3D, 0x63, 0x56, 0x50, 0xB5, 0xD8, 0x13, 0x8C, 0xBC, 0x94, 0x26, 0x95,
  0x00, 0x62, 0xB3, 0x0B, 0xA1, 0x9F, 0x4F, 0xDB, 0x01, 0x1A, 0x19, 0x69, 0x6C, 0x04, 0x30, 0xB8,
  0x1B, 0xED, 0x12, 0xCB, 0xD5, 0x53, 0x1B, 0x16, 0x6E, 0x91, 0x4A, 0x3D, 0xBA, 0xC5, 0x8F, 0x91,
  0x1E, 0xE7, 0x6B, 0xBD, 0xF4, 0x16, 0xC9, 0x40, 0xA4, 0xCC, 0x74, 0x2C, 0x3B, 0xC4, 0xD6, 0x4E,
  0xCC, 0xDE, 0xD2, 0x43, 0xE3, 0xD9, 0x32, 0x88, 0x57, 0xC1, 0x67, 0x8F, 0x3E, 0x1C, 0x24, 0x4D,
  0xA6, 0xA7, 0xE0, 0x4D, 0x73, 0x51, 0x05, 0xB9, 0xD3, 0xBB, 0xCB, 0x88, 0x63, 0xE9, 0xDF, 0x14,
  0xEC, 0xC4, 0x38, 0xA8, 0xE3, 0x06, 0xAA, 0x26, 0xED, 0x42, 0x32, 0x50, 0x5D, 0x39, 0xE1, 0x4B,
  0x7C, 0xE2, 0x25, 0x32, 0x23, 0xF6, 0x99, 0xB7, 0xFA, 0x1C, 0x46, 0x20, 0x70, 0xC4, 0xEC, 0xBD,
  0x00, 0xD4, 0x84, 0x80, 0x7F, 0xF9, 0x85, 0x12, 0x07, 0x62, 0x1A, 0x5C, 0x1A, 0x96, 0xB3, 0xF4,
  0x6D, 0xE0, 0xB5, 0xDF, 0x33, 0x0D, 0x8A, 0x62, 0xA6, 0x64, 0xDC, 0xCA, 0x86, 0x34, 0x81, 0xBA,
  0xC2, 0xA3, 0x68, 0xAC, 0x9B, 0xB6, 0xFD, 0xD7, 0x3D, 0x7E, 0xBD, 0x32, 0x01, 0xE2, 0x17, 0xCA,
  0x0F, 0x84, 0x24, 0x55, 0x23, 0x8E, 0x8C, 0xE3, 0xD7, 0xC0, 0x4A, 0x54, 0x0A, 0x92, 0x07, 0xBB,
  0x35, 0x10, 0xC6, 0x86, 0x76, 0xBA, 0x23, 0x1B, 0xC1, 0xAD, 0x87, 0x51, 0xA4, 0x59, 0x45, 0xA4,
  0x10, 0x86, 0x04, 0xAD, 0x70, 0x7B, 0x49, 0x32, 0x93, 0x6E, 0x9B, 0x83, 0x5B, 0xC7, 0xE7, 0xBF,
  0xD9, 0x4F, 0x9C, 0xDB, 0x35, 0xCD, 0x71, 0xC0, 0xC2, 0xC9, 0xA8, 0x9A, 0x60, 0x7B, 0xDB, 0x02,
  0x78, 0x45, 0xD7, 0x59, 0x7B, 0x20, 0x72, 0xD8, 0xFA, 0x06, 0xB4, 0xCD, 0xB2, 0x94, 0x41, 0x68,
  0xC9, 0x12, 0x07, 0x40, 0x41, 0x8E, 0xDE, 0x83, 0xDF, 0x02, 0x66, 0x33, 0x62, 0xF0, 0xC7, 0x17,
  0x9E, 0xC3, 0x78, 0x31, 0xAB, 0x85, 0x92, 0xEE, 0x38, 0xF1, 0x83, 0x4B, 0x52, 0x14, 0xEB, 0xC9,
  0x3C, 0x0E, 0xAE, 0xA3, 0xDB, 0x1C, 0x57, 0xAA, 0xA4, 0x92, 0x04, 0xE5, 0xF6, 0x11, 0x14, 0x48,
  0xF6, 0x4B, 0xD4, 0x41, 0xFC, 0xAF, 0x97, 0x12, 0x99, 0x34, 0x59, 0x2B, 0xDE, 0xA1, 0xBB, 0x6F,
  0x06, 0x47, 0xB1, 0xA3, 0x19, 0x84, 0xF1, 0x63, 0x00, 0x33, 0xF0, 0x50, 0xB5, 0xC7, 0x40, 0xE2,
  0xC8, 0x20, 0xA1, 0x54, 0xA9, 0x1A, 0xA4, 0xA4, 0x8A, 0x51, 0xEE, 0xDC, 0x18, 0xFC, 0xE1, 0x16,
  0xB1, 0x69, 0x01, 0x80, 0x62, 0xEB, 0xD3, 0x33, 0x3D, 0x5F, 0x63, 0x07, 0x1A, 0xC2, 0xFF, 0x04,
  0xFD, 0xAA, 0xE0, 0xE0, 0x1A, 0xAA, 0x01, 0x68, 0x7B, 0x94, 0x21, 0x30, 0x65, 0xEC, 0x28, 0xB8,
  0x78, 0x87, 0x17, 0xCC, 0x00, 0x7A, 0x38, 0xEA, 0x57, 0xC3, 0xD1, 0xF6, 0x9F, 0x42, 0xA5, 0xA8,
  0x64, 0x75, 0x40, 0x29, 0x2A, 0x65, 0x0E, 0x63, 0x82, 0xE0, 0xEB, 0xDF, 0xA0, 0x27, 0xCC, 0xB9,
  0x1F, 0xDF, 0xEA, 0xF1, 0x9A, 0xAE, 0x9A, 0x11, 0x10, 0x36, 0x64, 0xFA, 0x55, 0xCB, 0x60, 0x5A,
  0x94, 0xEB, 0x66, 0x23, 0x96, 0xCA, 0xD1, 0x0C, 0xE4, 0x95, 0xB7, 0x1E, 0xC6, 0x3C, 0xCE, 0x78,
  0xAC, 0xB6, 0xC2, 0x72, 0x62, 0x29, 0xAF, 0x5C, 0xB1, 0x3D, 0x2C, 0x05, 0x7C, 0x7A, 0x81, 0x73,
  0xF0, 0x9B, 0x61, 0x6E, 0xEC, 0x49, 0x65, 0xDA, 0xA2, 0x3F, 0xAE, 0xD4, 0x98, 0x97, 0x8A, 0x3D,
  0x75, 0xEC, 0x68, 0x8B, 0xF5, 0xB9, 0x61, 0x91, 0xBF, 0x72, 0xEE, 0x31, 0xB2, 0x9F, 0xAD, 0xB8,
  0x0D, 0x23, 0x24, 0x57, 0x57, 0xFE, 0x9A, 0x07, 0xFE, 0x89, 0x12, 0xE2, 0xEF, 0x84, 0x89, 0x23,
  0x16, 0x5C, 0x1C, 0x70, 0xC7, 0x06, 0x3A, 0xF0, 0x04, 0x92, 0xBC, 0xCE, 0xD4, 0x7F, 0x93, 0x66,
  0x69, 0x31, 0x3B, 0x97, 0xCA, 0x31, 0x82, 0x1B, 0x9E, 0x10, 0x66, 0xB2, 0xD4, 0xDA, 0x32, 0xAD,
  0x06, 0xD7, 0x3D, 0x4C, 0x6C, 0x15, 0x13, 0x06, 0xD2, 0xD1, 0x0E, 0xDD, 0x7C, 0x1A, 0x0D, 0xEE,
  0x83, 0x4D, 0x14, 0x9F, 0x3C, 0xDF, 0x97, 0xFF, 0x8A, 0x71, 0x71, 0xB6, 0x3F, 0xB5, 0xFB, 0xC7,
  0xAD, 0xFD, 0xA5, 0xFF, 0x6B, 0xB3, 0x41, 0xDB, 0xB7, 0x33, 0x55, 0x41, 0x99, 0x59, 0x8C, 0x46,
  0xAA, 0xB8, 0xB9, 0x10, 0x47, 0x49, 0x1A, 0x9E, 0xF7, 0x3B, 0x51, 0xD5, 0xBF, 0xE3, 0xF3, 0xDB,
  0xBB, 0x21, 0xF9, 0x37, 0x47, 0xAE, 0xCA, 0xF6, 0xEE, 0x9D, 0x4B, 0x93, 0xB0, 0x3B, 0x5C, 0xC7,
  0xC2, 0x08, 0x6F, 0xB2, 0x1C, 0x0E, 0x45, 0xE4, 0x65, 0xA7, 0xEC, 0xFE, 0x7F, 0x74, 0xF9, 0x1C,
  0x8A, 0x69, 0x8C, 0x8F, 0xE1, 0x2F, 0xEE, 0x2D, 0xB4, 0x0A, 0xD2, 0xB6, 0x37, 0x89, 0x8D, 0xE5,
  0x6D, 0x7E, 0x64, 0xBB, 0x0B, 0xAC, 0x2F, 0xF1, 0xDA, 0xB3, 0x15, 0x3B, 0x77, 0xA3, 0x85, 0x12,
  0xA4, 0x5B, 0xDE, 0x10, 0x87, 0xC8, 0x09, 0x40, 0x75, 0xE6, 0x18, 0x18, 0xB2, 0xEF, 0xFE, 0x5F,
  0xAA, 0xBF, 0x6D, 0xE9, 0x1A, 0xCF, 0x5E, 0x8B, 0x58, 0x40, 0xDF, 0xC4, 0x95, 0x00, 0xCD, 0xA2,
  0xDB, 0xA7, 0xA5, 0xD7, 0x51, 0xFB, 0xE9, 0x8A, 0xE4, 0xA2, 0xE1, 0x59, 0xF1, 0x10, 0x0F, 0x37,
  0x85, 0x9F, 0x0A, 0xAC, 0xE4, 0xB7, 0x27, 0x80, 0xE0, 0xB1, 0xE5, 0x7E, 0x78, 0x7B, 0xAB, 0x79,
  0x0B, 0x8F, 0x61, 0x32, 0x46, 0x8C, 0xCE, 0x19, 0x10, 0xB8, 0xE7, 0x8C, 0x77, 0x48, 0x1A, 0xAC,
  0x3C, 0x27, 0xD8, 0x5E, 0xC3, 0x5E, 0x66, 0x75, 0x3D, 0xDA, 0x04, 0x9C, 0x11, 0x4B, 0xC8, 0x23,
  0xAC, 0x0B, 0x4A, 0xAA, 0xA2, 0xD8, 0x97, 0xD5, 0xA7, 0xC0, 0x6E, 0xF7, 0xED, 0xC2, 0xFF, 0xEF,
  0x86, 0x04, 0x97, 0x85, 0xBE, 0x55, 0x8A, 0xB5, 0xC6, 0xE9, 0x81, 0x7F, 0xCD, 0x1D, 0xF3, 0x52,
  0x9D, 0xBB, 0x6A, 0x2C, 0x94, 0xC9, 0x2D, 0x24, 0x59, 0x5D, 0x03, 0xFC, 0xD2, 0xE1, 0x23, 0xFE,
  0xCB, 0xD8, 0xA4, 0x02, 0x56, 0x80, 0x57, 0x74, 0xDE, 0xE9, 0xD2, 0xB7, 0xCF, 0x8A, 0x47, 0x1E,
  0xD4, 0x4D, 0xE7, 0xC6, 0x93, 0x9F, 0x41, 0x40, 0xB7, 0x12, 0x52, 0xC2, 0x6F, 0xBE, 0x1E, 0xB8,
  0x4E, 0x2E, 0xFC, 0x60, 0x32, 0x8F, 0xF1, 0xC9, 0x6D, 0x66, 0x69, 0xCF, 0x81, 0xC5, 0xCA, 0x45,
  0x1D, 0x3B, 0x21, 0x0C, 0xE4, 0x90, 0xD9, 0x88, 0xF5, 0x26, 0x0D, 0x1F, 0x77, 0x24, 0x10, 0x4B,
  0x91, 0x32, 0xB6, 0xAF, 0xD7, 0xA9, 0x21, 0xD6, 0xF7, 0x2D, 0x16, 0x96, 0x08, 0x18, 0xC6, 0x67,
  0xFF, 0x78, 0x49, 0x67, 0x55, 0x5C, 0x29, 0xBB, 0x7D, 0x75, 0x22, 0xEA, 0x72, 0xE8, 0x5C, 0x37,
  0xFB, 0x14, 0x38, 0x75, 0xA1, 0x38, 0xC2, 0x84, 0xC1, 0x4F, 0xF5, 0x5D, 0x13, 0x5A, 0xFA, 0x10,
  0x0A, 0x44, 0xBE, 0x9D, 0xD4, 0x93, 0x8B, 0x5F, 0xBF, 0xD9, 0xEA, 0x2E, 0x00, 0x6A, 0x9D, 0x3C,
  0xF9, 0xDC, 0x38, 0xDC, 0xBB, 0x1C, 0x08, 0xC7, 0xAF, 0x16, 0xCA, 0x4D, 0x82, 0x16, 0x5B, 0xEE,
  0x6B, 0x58, 0x71, 0x13, 0xFB, 0xE1, 0xEB, 0xD8, 0x0E, 0x79, 0x68, 0xED, 0xA1, 0xA4, 0x64, 0xCF,
  0x41, 0xB1, 0x56, 0x5F, 0x3D, 0x13, 0x7F, 0x41, 0x3D, 0x4D, 0x45, 0x27, 0xD6, 0xA0, 0x9C, 0x07,
  0x65, 0x06, 0x4E, 0x37, 0x88, 0x98, 0x33, 0x71, 0x5B, 0x59, 0x8C, 0x41, 0x66, 0xB9, 0xE4, 0x0F,
  0x40, 0x5B, 0xBB, 0xCA, 0x12, 0x1A, 0x98, 0x7A, 0x84, 0x75, 0x9B, 0x0A, 0xFF, 0x18, 0xE8, 0x2F,
  0xF8, 0xD5, 0x8B, 0x05, 0x14, 0x53, 0x93, 0x89, 0x9E, 0x65, 0x91, 0x63, 0x23, 0xE0, 0x8A, 0xD8,
  0x28, 0x58, 0x0A, 0xC7, 0x2E, 0x9E, 0xF2, 0xDF, 0xE3, 0xE2, 0x23, 0x33, 0x83, 0x18, 0x83, 0x63,
  0x99, 0xB0, 0x16, 0x5D, 0x1B, 0x71, 0x82, 0xAD, 0xCA, 0xEC, 0x4F, 0xFA, 0xBC, 0x60, 0x51, 0x9C,
  0xB5, 0x96, 0x87, 0xDE, 0x4D, 0x87, 0xF4, 0xFE, 0xEC, 0xB9, 0xC4, 0x9C, 0x91, 0xB6, 0x98, 0x9F,
  0x18, 0xDC, 0x4A, 0xA4, 0x6A, 0x09, 0x18, 0x56, 0x87, 0xE7, 0x4E, 0x52, 0xED, 0x97, 0x91, 0x38,
  0x35, 0xC0, 0x79, 0x9C, 0xCA, 0x24, 0x71, 0x9D, 0x2D, 0x61, 0x44, 0x66, 0x1E, 0x47, 0x70, 0x6F,
  0xFE, 0xE8, 0x4C, 0x29, 0x4A, 0x41, 0x01, 0x97, 0x97, 0xB2, 0x48, 0xF4, 0x87, 0x53, 0x26, 0x00,
  0x3A, 0x26, 0x63, 0x57, 0x9A, 0xFA, 0xB0, 0x5C, 0x95, 0xD9, 0x5E, 0x30, 0x7C, 0x01, 0x83, 0xC3,
  0xD5, 0xF7, 0xC9, 0xC2, 0xA7, 0x41, 0x4F, 0x7B, 0xC6, 0xE9, 0xAF, 0xAD, 0x30, 0xB9, 0xC9, 0xC3
};

static const uint8_t emb_Aida_7[] = {
  0x92, 0xC4, 0x2E, 0xFC, 0xEB, 0xF3, 0x52, 0x22, 0x6C, 0xE3, 0x33, 0x56, 0x2B, 0x6D, 0x4A, 0xE1,
  0x23, 0xEC, 0x8E, 0x49, 0x40, 0x84, 0x41, 0x20, 0x29, 0x3F, 0x42, 0xCB, 0x9C, 0x8A, 0xDF, 0x2D,
  0xF8, 0x47, 0xFC, 0x7F, 0xDF, 0x0F, 0x49, 0xFE, 0x45, 0xF8, 0xF8, 0x3F, 0x49, 0xF2, 0x6A, 0x79,
  0xA8, 0xC8, 0xAD, 0x38, 0x2C, 0x80, 0x4D, 0x61, 0xC1, 0xCD, 0x82, 0xC0, 0xB9, 0x40, 0xFC, 0x4B,
  0x8C, 0xBE, 0x90, 0xB7, 0xEA, 0xCF, 0x7C, 0xE0, 0x0F, 0xAB, 0x4F, 0x3D, 0xC8, 0x71, 0x16, 0xC3,
  0xD6, 0xC6, 0x3B, 0x69, 0x04, 0xF4, 0x93, 0x6B, 0xD9, 0xB2, 0x25, 0xF2, 0xD2, 0x70, 0xC8, 0x07,
  0x82, 0x61, 0xE8, 0x95, 0x8E, 0xD9, 0x39, 0xC8, 0x5A, 0xD7, 0x9E, 0xD4, 0xD9, 0x22, 0x82, 0xCD,
  0xB2, 0x31, 0xDB, 0x0B, 0x3E, 0x26, 0xA9, 0xD2, 0x64, 0xE4, 0x76, 0x5F, 0xDB, 0x4C, 0x52, 0xCB,
  0x2F, 0x13, 0x87, 0xCE, 0x8A, 0x12, 0xDF, 0x3D, 0xB9, 0x02, 0x9B, 0x94, 0x02, 0xE3, 0xF9, 0xD2,
  0x47, 0x1B, 0xF5, 0xF9, 0xD1, 0x0A, 0xA2, 0x03, 0x0E, 0x74, 0xD0, 0x3E, 0x20, 0xC2, 0xAF, 0x20,
  0x8A, 0xFA, 0x8A, 0x24, 0x24, 0xBD, 0x46, 0x3F, 0xFD, 0x2B, 0xD7, 0xC0, 0xB3, 0xDB, 0x6A, 0x6C,
  0x9E, 0x22, 0xD8, 0xA3, 0xBA, 0x44, 0xF8, 0x64, 0x9D, 0x14, 0xF1, 0x09, 0x68, 0x30, 0xF8, 0xF0,
  0x62, 0x83, 0x13, 0x6C, 0x9C, 0x0C, 0xD6, 0x47, 0x28, 0x85, 0x8A, 0x41, 0xB7, 0xD8, 0xEF, 0x63,
  0xAC, 0xB3, 0x63, 0xE9, 0x94, 0xFC, 0x3C, 0xA1, 0xA5, 0xAC, 0x80, 0x43, 0xB0, 0x42, 0x84, 0x1C,
  0x55, 0x05, 0xCD, 0x4F, 0x04, 0x06, 0xFE, 0xBC, 0xC6, 0xC5, 0xFE, 0x0C, 0xF1, 0xB0, 0x5A, 0xB5,
  0x60, 0xB5, 0x0F, 0x30, 0xDB, 0x88, 0x14, 0xF3, 0x19, 0xDB, 0xC2, 0x2D, 0x0A, 0x7A, 0xC6, 0x86,
  0x0B, 0xC0, 0x95, 0x90, 0x94, 0x79, 0xDC, 0x46, 0x96, 0x7C, 0x75, 0x3F, 0x0B, 0xF7, 0x21, 0xE3,
  0x4E, 0x22, 0xBE, 0xA7, 0x4A, 0x0D, 0x30, 0x98, 0xEB, 0x5F, 0x9F, 0xB7, 0xCF, 0x89, 0xA1, 0x32,
  0x59, 0x3E, 0xBA, 0x57, 0x6B, 0xCF, 0x89, 0x08, 0x57, 0xD9, 0xEB, 0x39, 0x5E, 0xB7, 0x7D, 0x47,
  0x13, 0xBB, 0x74, 0x16, 0xE6, 0xCB, 0xD0, 0x3A, 0x38, 0xA3, 0x80, 0x40, 0xB3, 0x59, 0x5A, 0xC9,
  0xBE, 0x0C, 0x30, 0x94, 0xA3, 0x05, 0xF2, 0x9A, 0x17, 0x96, 0xD3, 0xB2, 0xBE, 0x9F, 0x39, 0x21,
  0xA2, 0x4F, 0x1F, 0xB6, 0x7F, 0xC5, 0x48, 0x1B, 0xDD, 0x94, 0xB9, 0x5A, 0xC4, 0xA6, 0xE5, 0x0B,
  0xC7, 0xCC, 0xFA, 0xEC, 0x9D, 0xD9, 0x55, 0x71, 0xE0, 0x70, 0xC4, 0x9C, 0xA2, 0x18, 0x5B, 0x45,
  0x53, 0xD9, 0xE3, 0xAA, 0x79, 0x2B, 0xD8, 0x64, 0x39, 0xE1, 0xA7, 0x46, 0x62, 0x12, 0x11, 0x7F,
  0xF3, 0xF8, 0xC5, 0xBE, 0x2F, 0x96, 0xDC, 0xA2, 0x1E, 0x8B, 0x21, 0x34, 0x07, 0x05, 0x91, 0x24,
  0xB5, 0x35, 0xCC, 0xAB, 0xFA, 0x7D, 0xFB, 0x7E, 0x5A, 0x15, 0x9F, 0x0C, 0xFA, 0x07, 0x0E, 0xED,
  0xD0, 0xC8, 0x31, 0x22, 0xE9, 0x2B, 0xC6, 0x38, 0x3B, 0x4D, 0xAC, 0xD0, 0xEC, 0xEF, 0x0B, 0xBA,
  0x35, 0xF7, 0x71, 0x3F, 0x5E, 0xD0, 0xCA, 0xBC, 0x59, 0xCD, 0x6A, 0x14, 0xCA, 0xC4, 0x44, 0x4D,
  0xC5, 0x29, 0xC2, 0x42, 0x25, 0xE9, 0x6C, 0x3C, 0x59, 0x91, 0xA8, 0xAB, 0x56, 0x08, 0xF0, 0x4A,
  0x3F, 0x79, 0x1A, 0xC9, 0x86, 0x1B, 0x8F, 0x88, 0x3B, 0xE2, 0x12, 0x19, 0x94, 0x59, 0x52, 0x18,
  0x6A, 0x8B, 0xCD, 0xCA, 0xEA, 0x73, 0xA1, 0xA0, 0xF1, 0x43, 0x7C, 0x98, 0xF7, 0x75, 0xDC, 0xEE,
  0xD3, 0x89, 0x63, 0xE5, 0x15, 0x2C, 0x27, 0x65, 0x01, 0xEA, 0x75, 0x0F, 0x50, 0x57, 0xEB, 0xED,
  0xF6, 0xB3, 0xDD, 0xC5, 0x50, 0xD9, 0xDA, 0x3C, 0x17, 0x19, 0xD9, 0x4C, 0xBC, 0x68, 0x68, 0xFD,
  0x4C, 0x41, 0x7C, 0x04, 0x6E, 0x65, 0xA9, 0xB3, 0xB6, 0xA2, 0xC7, 0x8E, 0x7E, 0xE5, 0xB0, 0xF1,
  0x2E, 0x1D, 0x0E, 0x70, 0x36, 0xE4, 0x8C, 0x4F, 0x03, 0x6C, 0xC9, 0x1E, 0x19, 0x01, 0xD2, 0xBB,
  0x54, 0x52, 0x19, 0x3C, 0xEB, 0x03, 0xC5, 0xF9, 0x22, 0x73, 0x4A, 0x4B, 0x50, 0x89, 0xDC, 0x88,
  0xFA, 0xE8, 0x94, 0x04, 0xF9, 0x12, 0xC1, 0x03, 0x88, 0xE2, 0x07, 0x1C, 0x46, 0xF1, 0xE5, 0x8A,
  0x1C, 0xE4, 0x38, 0xE9, 0x5F, 0x67, 0xBE, 0xF1, 0xED, 0x62, 0xB3, 0xC7, 0x3D, 0x1B, 0x20, 0xA0,
  0x28, 0x83, 0x2F, 0x6C, 0x01, 0x75, 0xB6, 0x56, 0x7B, 0xEC, 0x77, 0x9A, 0x6F, 0x0E, 0x89, 0x3D,
  0x45, 0x1F, 0x55, 0x4F, 0x34, 0x67, 0x43, 0xB8, 0x5C, 0xE1, 0x64, 0xA8, 0x2C, 0xAC, 0x0A, 0x10,
  0xA3, 0xDE, 0x31, 0x43, 0xE6, 0xF9, 0xCD, 0x2C, 0x38, 0x34, 0xE8, 0x55, 0xAD, 0xB0, 0x4E, 0x27,
  0x63, 0x3F, 0x87, 0x1D, 0xDB, 0x46, 0xBA, 0xEE, 0x9E, 0xA4, 0x55, 0x9C, 0x2A, 0x9C, 0xA8, 0x2B,
  0xD0, 0xF7, 0xC1, 0xE3, 0xF5, 0x3A, 0x72, 0x64, 0x70, 0x98, 0xD2, 0x0F, 0x04, 0xF8, 0xCB, 0x74,
  0x0B, 0xD6, 0x0E, 0xD6, 0x6B, 0x31, 0xAB, 0x4D, 0xEB, 0xFD, 0xA7, 0x8D, 0x1F, 0x4B, 0x1C, 0xA6,
  0xE7, 0x0D, 0xDC, 0x69, 0x97, 0x0B, 0xA8, 0x9F, 0x05, 0xF5, 0xBD, 0x0F, 0xD8, 0x25, 0xD4, 0xB0,
  0x0F, 0xBD, 0xDE, 0x43, 0xD0, 0x91, 0xE0, 0x28, 0xC1, 0x0F, 0xF3, 0x23, 0xC4, 0x0F, 0x61, 0xAE,
  0x00, 0xFF, 0xB3, 0x9C, 0xBA, 0xD8, 0x4E, 0xB1, 0x02, 0x8D, 0x28, 0x6C, 0xD6, 0x99, 0x0D, 0xFA,
  0x8D, 0xD9, 0x3A, 0x8B, 0xAC, 0x06, 0xDF, 0x20, 0x3F, 0xFD, 0x97, 0x6D, 0x36, 0x60, 0x98, 0xB9,
  0x5E, 0x55, 0x3B, 0x86, 0xDF, 0xE5, 0x6F, 0xCE, 0x66, 0x1C, 0x20, 0xF4, 0x3E, 0x8A, 0xB1, 0xDC,
  0xFE, 0xA9, 0x18, 0xE5, 0x64, 0xFD, 0x41, 0xC8, 0xC2, 0xD6, 0x5B, 0x4B, 0x0A, 0xD7, 0x52, 0x02,
  0xD5, 0xCA, 0xD0, 0xE4, 0xCD, 0xF3, 0x08, 0x3C, 0x71, 0x8C, 0x4D, 0x63, 0x86, 0x26, 0x1E, 0xF4,
  0xB6, 0xEA, 0x07, 0xFE, 0x15, 0x03, 0xE1, 0x06, 0xBD, 0xF2, 0x20, 0x7C, 0x59, 0x59, 0x37, 0x79,
  0xFF, 0x80, 0xB1, 0x91, 0xD1, 0x4A, 0x2C, 0x40, 0xCA, 0x99, 0x6B, 0x19, 0xEE, 0x31, 0x8F, 0x33,
  0x2F, 0xD3, 0xEB, 0x4F, 0x59, 0x76, 0xF8, 0x0B, 0x5B, 0x3A, 0x60, 0x68, 0x7F, 0xC8, 0xAD, 0xB8,
  0x57, 0x6E, 0x34, 0xCC, 0x3B, 0xF8, 0x1B, 0xDE, 0x50, 0x7E, 0xDD, 0x63, 0x49, 0x52, 0x45, 0x83,
  0x58, 0xDE, 0x4B, 0x69, 0xC9, 0xDF, 0xF9, 0xE4, 0x3B, 0x56, 0xD2, 0x0A, 0xD2, 0xD4, 0xC2, 0x42,
  0xC2, 0xD9, 0xB3, 0xD0, 0x67, 0xA7, 0x2F, 0x7D, 0xA1, 0x88, 0xCB, 0x07, 0xA1, 0x78, 0x1F, 0x92,
  0x87, 0x7A, 0x19, 0xC9, 0x2B, 0xB9, 0x3F, 0x12, 0x53, 0xFA, 0x94, 0x8B, 0xB2, 0xD6, 0x4B, 0x73,
  0x83, 0xF7, 0xA4, 0x5C, 0x3A, 0x5C, 0x74, 0xDE, 0x15, 0x75, 0x3F, 0x66, 0xF2, 0xAA, 0x1F, 0x5D,
  0x1C, 0x08, 0x01, 0x02, 0x6B, 0x07, 0x15, 0x5E, 0xCE, 0xC4, 0xE7, 0x95, 0x01, 0x6D, 0x9C, 0x54,
  0xB1, 0xA9, 0x23, 0x0A, 0x65, 0x43, 0x74, 0xEF, 0xFB, 0xAE, 0x2B, 0x10, 0xDE, 0x84, 0x87, 0x83,
  0x6D, 0x00, 0xC5, 0xFE, 0x0F, 0x7F, 0xA4, 0xAA, 0x34, 0x21, 0x33, 0x4E, 0x7E, 0xC4, 0xB3, 0xC7,
  0x62, 0xC6, 0xFB, 0x1F, 0xC5, 0xF7, 0x52, 0xCC, 0x5D, 0x68, 0x63, 0xFE, 0xD6, 0xAD, 0xBD, 0xC9,
  0x90, 0x89, 0x37, 0x7C, 0x99, 0x87, 0x57, 0xF2, 0x72, 0x09, 0x80, 0xD8, 0x5D, 0xB0, 0x84, 0x58,
  0x26, 0x1D, 0x4D, 0x7D, 0x6A, 0x7B, 0x0D, 0xB7, 0xB6, 0x7F, 0xF6, 0xCB, 0xD0, 0x7A, 0x4D, 0xEA,
  0x4F, 0xF0, 0x05, 0xF2, 0x81, 0xE2, 0xB4, 0xAD, 0x18, 0x79, 0xEC, 0xF6, 0xFF, 0x51, 0x73, 0xBF,
  0x51, 0xE7, 0x45, 0x60, 0x67, 0xC0, 0xDF, 0x31, 0xBB, 0x36, 0x47, 0xB0, 0xBE, 0x15, 0xC3, 0xEA,
  0x15, 0x56, 0x65, 0xBC, 0x78, 0xEA, 0x5A, 0x5E, 0x71, 0x21, 0x3D, 0xA9, 0xC2, 0x86, 0x50, 0x7C,
  0xC0, 0x11, 0xF2, 0x21, 0x50, 0x50, 0x96, 0xCF, 0x83, 0xB8, 0xB3, 0x72, 0xF3, 0xB2, 0xF0, 0xAC,
  0x2C, 0x9C, 0x72, 0x46, 0x44, 0x62, 0x08, 0x4F, 0xEA, 0x9D, 0xFA, 0x9D, 0x85, 0x36, 0x6A, 0x60,
  0x59, 0xBA, 0x28, 0xD5, 0x0B, 0xB3, 0xB8, 0x5A, 0x41, 0x2E, 0xF9, 0xE4, 0x4C, 0x22, 0x9F, 0xC7,
  0x21, 0x9D, 0x57, 0x3D, 0x5D, 0xD5, 0xFC, 0xD7, 0x21, 0xD9, 0x46, 0x02, 0x05, 0x90, 0x51, 0x42,
  0xD8, 0x5E, 0xA1, 0x97, 0x0A, 0xA5, 0x9A, 0x71, 0x55, 0x0A, 0x18, 0x7C, 0x4D, 0xA3, 0xAD, 0x46,
  0x6A, 0xED, 0xBA, 0xD1, 0xBF, 0xF3, 0x70, 0xC0, 0x8B, 0x7B, 0x4C, 0x8B, 0x28, 0x19, 0x31, 0x79,
  0x34, 0xF4, 0xC2, 0xD7, 0x28, 0x32, 0x6F, 0x68, 0xE3, 0x6D, 0x72, 0x0D, 0xFE, 0xF6, 0x9E, 0xD6,
  0x1B, 0x06, 0xD8, 0xDF, 0xFD, 0xA4, 0x38, 0xF9, 0xBF, 0xB5, 0x0C, 0xFE, 0x43, 0xF5, 0xB3, 0x27,
  0x08, 0x30, 0x26, 0xCF, 0xE2, 0x76, 0x4A, 0x4F, 0xE8, 0xC0, 0xCF, 0x98, 0x05, 0x4A, 0x62, 0x2D,
  0x27, 0x18, 0x0B, 0x32, 0xDC, 0xC9, 0x2F, 0xB2, 0xB5, 0x4C, 0x52, 0x55, 0x5B, 0x51, 0x4F, 0x45,
  0x34, 0x2A, 0xC3, 0xD9, 0xF9, 0x06, 0xAE, 0x08, 0x99, 0x19, 0x9C, 0xA7, 0xCA, 0x16, 0x80, 0x57,
  0x1F, 0x03, 0xEB, 0xD4, 0xDF, 0x82, 0xBA, 0x25, 0x65, 0xE5, 0x74, 0x08, 0xE2, 0xAB, 0x54, 0x6C,
  0x68, 0x1C, 0x20, 0xD8, 0x66, 0x1F, 0x56, 0xB3, 0xB2, 0xAD, 0xB2, 0x5A, 0x79, 0xB6, 0x06, 0x0C,
  0x81, 0x85, 0x0F, 0x89, 0xF6, 0xBC, 0xFB, 0x8F, 0x16, 0x44, 0x9D, 0xCE, 0x10, 0x8F, 0xBF, 0xF5,
  0xFB, 0xFD, 0xF9, 0x55, 0x91, 0xE5, 0x55, 0x6A, 0x8A, 0xC1, 0x0E, 0x20, 0xE9, 0x06, 0x51, 0x72,
  0x0D, 0x1F, 0xCD, 0xD8, 0xDE, 0xDA, 0xB9, 0x62, 0x29, 0x3E, 0xC3, 0x84, 0x18, 0xA9, 0x74, 0xE1,
  0x00, 0x4F, 0xB7, 0x83, 0x04, 0x06, 0xC9, 0xE5, 0x58, 0xDA, 0x62, 0x31, 0x1B, 0xA1, 0x74, 0x0E,
  0x8F, 0x41, 0x36, 0xE4, 0x57, 0x74, 0x46, 0x48, 0x62, 0x37, 0x7E, 0x88, 0xE9, 0x64, 0x98, 0xFF,
  0x31, 0x0D, 0x9A, 0x1F, 0x19, 0xD1, 0x26, 0xBB, 0xE2, 0xB5, 0x9C, 0x37, 0x19, 0x9F, 0x45, 0xBF,
  0x4C, 0x39, 0x94, 0x22, 0x1E, 0x46, 0xAC, 0x59, 0x65, 0xAA, 0xE3, 0xAD, 0xEF, 0x67, 0xF7, 0x83,
  0x59, 0xD1, 0xEF, 0xE9, 0x28, 0xF2, 0xCD, 0x9D, 0x7F, 0xA7, 0x02, 0x08, 0xF5, 0x64, 0x27, 0xB0,
  0x1E, 0x8A, 0x87, 0x15, 0x6C, 0x8F, 0xDB, 0x53, 0xA6, 0xD8, 0x92, 0xC4, 0x18, 0x52, 0x83, 0x2A,
  0xC0, 0xCB, 0xA5, 0x36, 0x9A, 0x93, 0x72, 0xE8, 0xAD, 0x76, 0x9E, 0x37, 0x7F, 0x58, 0x8E, 0x13,
  0xD4, 0x19, 0x9B, 0xB7, 0x7B, 0xB4, 0x9F, 0xE8, 0xFC, 0xA1, 0x2B, 0xCA, 0xAA, 0x0D, 0x9D, 0x7B,
  0xE3, 0xBF, 0x4C, 0x6D, 0x17, 0xB5, 0xCA, 0xEC, 0xEA, 0x62, 0x37, 0x75, 0x20, 0xA7, 0xA5, 0xBD,
  0x4E, 0x8B, 0x04, 0xC4, 0xF3, 0xCF, 0x85, 0xD5, 0x73, 0x3A, 0xCF, 0x73, 0x1B, 0xE1, 0x10, 0x20,
  0x58, 0x57, 0x00, 0x9D, 0x15, 0x5D, 0x4F, 0xD6, 0x7D, 0x6A, 0x1F, 0x28, 0x72, 0x2C, 0xBF, 0x5E,
  0x97, 0xDE, 0x55, 0x3A, 0xE1, 0x43, 0x3B, 0x6D, 0xB9, 0x37, 0x40, 0x62, 0x0F, 0x02, 0xC2, 0x01,
  0xED, 0x41, 0xB7, 0x6E, 0xBB, 0x23, 0xF3, 0x3C, 0x8A, 0x12, 0x07, 0x99, 0x40, 0x2B, 0x57, 0xC6,
  0xB3, 0xA2, 0xED, 0x41, 0xA3, 0x92, 0xD3, 0xA0, 0x55, 0x14, 0x31, 0xD8, 0x49, 0x30, 0xC0, 0x70,
  0x9E, 0x1A, 0xE0, 0x54, 0x6F, 0xCD, 0x70, 0xF7, 0x0F, 0xDD, 0x83, 0xC4, 0xC5, 0xD3, 0xAA, 0x9D,
  0x8C, 0xC5, 0xB8, 0xBC, 0x77, 0xE5, 0xF3, 0x66, 0x57, 0xA2, 0x57, 0x7E, 0xBC, 0xC2, 0x06, 0xFB,
  0x04, 0x70, 0x34, 0xCC, 0xAA, 0x64, 0xBD, 0x55, 0xD7, 0x81, 0x1C, 0x92, 0x00, 0xF1, 0x33, 0x4C,
  0xD5, 0x48, 0xD6, 0x6A, 0x98, 0x6D, 0x48, 0x57, 0xD3, 0xBB, 0x68, 0x09, 0xC8, 0x1F, 0x02, 0xF8,
  0x2D, 0x96, 0xCE, 0x14, 0xB2, 0x1A, 0xB4, 0x61, 0x10, 0xD6, 0xE1, 0x5E, 0xDB, 0x9D, 0xAE, 0x23,
  0x01, 0xD8, 0x59, 0xB2, 0x5A, 0xB9, 0x0D, 0x2B, 0xD3, 0x94, 0xE9, 0x0C, 0xA3, 0x3C, 0x1B, 0x18,
  0x68, 0x5F, 0xC3, 0xAF, 0x6F, 0xB1, 0xF1, 0x53, 0xB4, 0x13, 0x23, 0xE7, 0xC3, 0xE8, 0xA4, 0x07,
  0x2F, 0x5C, 0x42, 0x20, 0xCF, 0x51, 0x4C, 0x57, 0xCF, 0xC1, 0xF0, 0x12, 0xC4, 0xF3, 0x76, 0x5E,
  0xEF, 0xF0, 0xD7, 0x4D, 0xAF, 0x87, 0x2F, 0x23, 0x71, 0x90, 0x7A, 0xFD, 0xFE, 0xFB, 0x9B, 0x39,
  0xAD, 0x7B, 0x5F, 0xD6, 0xDF, 0x93, 0x97, 0x38, 0xCA, 0x91, 0x17, 0x27, 0x64, 0x82, 0x0A, 0xBC,
  0x04, 0xBD, 0xD0, 0xAA, 0x86, 0xA8, 0x68, 0x15, 0x79, 0xB8, 0x8E, 0xCC, 0x5E, 0xA1, 0xDC, 0xA1,
  0xFC, 0xC3, 0xAE, 0x38, 0x55, 0x5C, 0x36, 0x4A, 0x1C, 0x63, 0xE5, 0x33, 0xD1, 0xA4, 0x51, 0x07,
  0xAC, 0x66, 0xAC, 0x91, 0xD7, 0xA7, 0x71, 0x53, 0x9C, 0x58, 0x74, 0xE5, 0xF6, 0x3F, 0xC5, 0x46,
  0x4D, 0xF9, 0xD1, 0x86, 0xE2, 0x18, 0x48, 0x4B, 0xB3, 0x21, 0xBF, 0x75, 0xB1, 0x87, 0x8E, 0xCD,
  0xFB, 0xD5, 0x2A, 0x16, 0x68, 0xD6, 0x76, 0xEF, 0x56, 0xDF, 0xDC, 0x25, 0x39, 0xF4, 0x2A, 0x27,
  0x95, 0x5E, 0x6F, 0x97, 0x6B, 0x24, 0x53, 0x0D, 0x2C, 0x04, 0x21, 0x18, 0x49, 0x26, 0xE4, 0xFB,
  0xAB, 0xD9, 0x49, 0xD4, 0x32, 0x60, 0x13, 0x06, 0xFE, 0x32, 0x57, 0xF8, 0x60, 0x31, 0x9E, 0x45,
  0xE7, 0x17, 0x72, 0x3C, 0x3F, 0x6D, 0x60, 0x72, 0x4C, 0x6B, 0xC5, 0x8D, 0xA8, 0xE7, 0xD7, 0x6C,
  0x4A, 0x07, 0xCA, 0x89, 0x47, 0xE5, 0x65, 0xF3, 0xEB, 0x74, 0xC0, 0x7D, 0xD4, 0xE9, 0xA1, 0xEE,
  0xE1, 0x80, 0xD8, 0x23, 0x63, 0x4B, 0x2E, 0x23, 0x21, 0xDE, 0xDC, 0x5A, 0xC0, 0xB6, 0xD3, 0xD3,
  0xB5, 0x7D, 0x5D, 0x3C, 0x62, 0xF7, 0x69, 0x89, 0x51, 0x30, 0x67, 0x3F, 0x22, 0x43, 0xEB, 0x61,
  0xF6, 0x93, 0x9D, 0xDF, 0xDC, 0x2F, 0x51, 0x4E, 0xE1, 0x57, 0xCC, 0xC3, 0xA4, 0x40, 0xB3, 0x3D,
  0x4E, 0x9A, 0xB3, 0xA8, 0xA5, 0xC1, 0xF5, 0xF1, 0x48, 0x1A, 0x5D, 0x6E, 0x20, 0x24, 0x53, 0xDA,
  0x6D, 0x38, 0xC9, 0x34, 0xA2, 0x5D, 0x51, 0x17, 0x05, 0x4D, 0xD7, 0x7E, 0x83, 0x37, 0xE9, 0xEA,
  0xB6, 0x62, 0x31, 0xE9, 0x6F, 0x59, 0x6F, 0x77, 0x48, 0xE4, 0x60, 0xE2, 0xB9, 0x88, 0x64, 0x97,
  0x74, 0x63, 0x61, 0xCA, 0xA9, 0x09, 0x38, 0x27, 0x82, 0xAB, 0x52, 0x82, 0xF7, 0x60, 0x51, 0xB7,
  0x0D, 0x95, 0xC5, 0x23, 0x0D, 0x43, 0x66, 0x5A, 0xD4, 0xDB, 0x5A, 0x09, 0x8D, 0x0F, 0xDB, 0xA5,
  0x34, 0xC0, 0xAC, 0xB9, 0xBF, 0xC8, 0x8A, 0xAD, 0xBC, 0x15, 0x54, 0x4A, 0xEF, 0x81, 0x81, 0x62,
  0x2B, 0x05, 0xCC, 0x25, 0x1D, 0x73, 0x7C, 0x4C, 0x76, 0x2F, 0xF4, 0xAF, 0xF7, 0x15, 0x4F, 0xCF,
  0xBA, 0x8E, 0x14, 0x8B, 0x58, 0x57, 0xDE, 0x6B, 0x8C, 0x09, 0x76, 0x26, 0x9D, 0x0B, 0x01, 0xBA
};

static const uint8_t emb_Aida_8[] = {
  0x72, 0xB2, 0xA9, 0x8E, 0xF6, 0x07, 0xAE, 0x9A, 0x60, 0x17, 0xCD, 0xE4, 0xFB, 0x31, 0xA6, 0xDC,
  0xE9, 0x06, 0xA5, 0xFC, 0x32, 0xB5, 0xC7, 0xE7, 0x78, 0x00, 0x76, 0xE3, 0xCC, 0xEC, 0x38, 0x23,
  0xD1, 0x83, 0x2B, 0x5D, 0x73, 0x98, 0x9C, 0x91, 0x5E, 0x5D, 0x0B, 0x99, 0xC8, 0x48, 0x78, 0xF6,
  0xED, 0x81, 0x7C, 0x84, 0xCF, 0xAD, 0x3B, 0x4E, 0x57, 0xC7, 0xB7, 0x06, 0x93, 0xC1, 0x01, 0x22,
  0xB9, 0x11, 0xE2, 0x6D, 0x63, 0xA1, 0xDF, 0xAC, 0x02, 0xAF, 0xB3, 0x37, 0xBF, 0x4F, 0x2D, 0xBE,
  0xC5, 0xA2, 0x2E, 0x42, 0xCA, 0x77, 0x65, 0x8B, 0xE2, 0xE8, 0x15, 0x39, 0x6A, 0x4C, 0x5B, 0xA3,
  0x43, 0x61, 0xC7, 0xA3, 0xB9, 0x55, 0x46, 0x77, 0x4E, 0x70, 0x3B, 0x5A, 0xCA, 0x4E, 0xC1, 0x16,
  0x63, 0x5E, 0x6C, 0xAA, 0xF9, 0x4C, 0x16, 0x96, 0x85, 0xA0, 0x0D, 0x7D, 0xB3, 0xA2, 0xE7, 0xFC,
  0x0D, 0xD2, 0x87, 0x87, 0x8C, 0x49, 0xA2, 0x2C, 0xA0, 0xF5, 0x5C, 0xFF, 0x28, 0xD9, 0xEF, 0x58,
  0x39, 0x50, 0x7B, 0x8E, 0x38, 0x12, 0xF6, 0xBD, 0xE8, 0xD5, 0x1C, 0x77, 0x61, 0xF8, 0xF6, 0x4F,
  0xD5, 0x90, 0xC1, 0x68, 0x6A, 0x67, 0xCC, 0x27, 0x2A, 0x5E, 0xB8, 0xF8, 0x84, 0xEA, 0x91, 0xC9,
  0x89, 0xC8, 0x9D, 0xBD, 0x2D, 0x8C, 0x3A, 0xBB, 0x27, 0x02, 0x39, 0x99, 0x82, 0x83, 0x52, 0x55,
  0xFA, 0xCE, 0x97, 0x5C, 0x4B, 0xED, 0xF7, 0x1A, 0x67, 0x7F, 0x4E, 0x27, 0xF2, 0x72, 0x94, 0x95,
  0xF4, 0x2A, 0x5D, 0x35, 0xB6, 0xCF, 0x7F, 0x13, 0x45, 0x3A, 0x2B, 0x86, 0xFE, 0x0A, 0x03, 0x15,
  0x7F, 0xFE, 0xEB, 0x0E, 0xD4, 0xC4, 0x6C, 0xF6, 0x84, 0xDF, 0xB4, 0x68, 0x02, 0x17, 0xC2, 0x4C,
  0x2F, 0xE2, 0x8B, 0xB9, 0xC3, 0x90, 0xA4, 0x5B, 0x9C, 0xBE, 0x47, 0x06, 0x49, 0x6A, 0x99, 0x3A,
  0x8F, 0x55, 0xDC, 0x20, 0x82, 0x25, 0x9F, 0x2F, 0x2C, 0x1D, 0x8F, 0xEA, 0xCF, 0x34, 0xCC, 0x91,
  0xFD, 0x33, 0x3F, 0x31, 0x02, 0x0D, 0xED, 0x0A, 0x36, 0x3F, 0x74, 0xB0, 0xB5, 0x37, 0x7C, 0x53,
  0xBA, 0x69, 0x18, 0xC9, 0x7D, 0x10, 0x2B, 0xDD, 0x3A, 0x5A, 0x68, 0x57, 0xF8, 0xBD, 0x63, 0xE7,
  0x9A, 0xC0, 0x1B, 0x9E, 0xB7, 0x3D, 0xE1, 0xBD, 0x93, 0xD8, 0x21, 0x4E, 0xEB, 0x1D, 0xE6, 0xBC,
  0xED, 0xF6, 0xF9, 0x85, 0x1C, 0x58, 0x0F, 0x63, 0x3E, 0x23, 0x48, 0xAC, 0xDD, 0x41, 0x5F, 0xCA,
  0xC6, 0xC1, 0x9A, 0xCE, 0xA7, 0x4D, 0x58, 0x3D, 0x40, 0x72, 0x5F, 0xBA, 0x6A, 0xE3, 0xFF, 0x53,
  0x7F, 0x4E, 0x72, 0x4B, 0x86, 0xAB, 0xC0, 0xD4, 0x54, 0xC7, 0x9D, 0x13, 0xB6, 0x2C, 0xC6, 0xBC,
  0xED, 0x30, 0x89, 0x1B, 0x5E, 0x17, 0x26, 0x59, 0x70, 0xD0, 0xA0, 0xE8, 0x27, 0x55, 0xCA, 0xBC,
  0xF3, 0x25, 0xC8, 0x2F, 0x35, 0xFC, 0x2E, 0x58, 0x62, 0xF3, 0xBC, 0x8B, 0xA6, 0xB9, 0x0A, 0x4E,
  0x54, 0x46, 0x68, 0xF2, 0xA1, 0xB4, 0x81, 0x98, 0x20, 0xCA, 0xD5, 0x3A, 0xE2, 0xC1, 0x38, 0x6F,
  0xC8, 0x7F, 0xEA, 0x17, 0x0F, 0x0B, 0x6F, 0x3B, 0x41, 0x92, 0xCE, 0xAC, 0x3C, 0x1E, 0xA8, 0xD4,
  0x6D, 0x58, 0x54, 0x4D, 0x1E, 0xC2, 0xBD, 0x4D, 0x14, 0xB8, 0x4F, 0xAD, 0x5B, 0xF7, 0xC6, 0xE5,
  0xFB, 0x5C, 0x60, 0xD8, 0x74, 0x2B, 0x45, 0xA7, 0x12, 0x78, 0xD3, 0x8F, 0x57, 0x7B, 0x4B, 0xB6,
  0xA6, 0x26, 0xB4, 0xB8, 0x02, 0x69, 0xD7, 0x48, 0xF5, 0x61, 0xFF, 0xD7, 0x68, 0xE3, 0xA1, 0x9E,
  0x9B, 0xDD, 0x68, 0xD2, 0xFA, 0x2F, 0xBE, 0x3B, 0x48, 0xA5, 0x3C, 0x98, 0x4B, 0x42, 0x67, 0x3B,
  0x8F, 0x61, 0x76, 0x1D, 0xED, 0x6B, 0x88, 0x8B, 0x94, 0xEE, 0xD2, 0x95, 0x91, 0xF6, 0x0C, 0xA4,
  0x02, 0x3B, 0x4E, 0x9D, 0x40, 0x45, 0x23, 0xB8, 0x25, 0xE8, 0x3D, 0x1A, 0x91, 0xE1, 0x80, 0x84,
  0xD1, 0x88, 0xC7, 0xEC, 0x45, 0x1A, 0x13, 0x2D, 0x92, 0xAB, 0x25, 0xEB, 0x9F, 0x5D, 0xD4, 0xC8,
  0xF6, 0xB7, 0x89, 0xAD, 0x2D, 0x63, 0xB2, 0x51, 0x48, 0x42, 0x34, 0x2A, 0x9D, 0xCB, 0xF6, 0x50,
  0xD7, 0xF5, 0x5E, 0x0A, 0x41, 0xF6, 0x0A, 0xC6, 0xA2, 0xE9, 0x2B, 0x14, 0xBC, 0xEF, 0x0F, 0xFD,
  0xC9, 0x06, 0x01, 0x00, 0xC5, 0xBD, 0x33, 0x85, 0xAB, 0x53, 0x9A, 0xCB, 0x33, 0x8A, 0x5C, 0xF3,
  0x1F, 0x77, 0x2B, 0xD9, 0xA0, 0x06, 0xD9, 0xA3, 0xDB, 0xD8, 0x37, 0x83, 0x5A, 0x1D, 0x07, 0xAE,
  0xB4, 0xE8, 0x69, 0x0E, 0xAA, 0x11, 0x45, 0xB8, 0x57, 0x38, 0xAE, 0x62, 0x0F, 0xD8, 0x68, 0x6D,
  0xD7, 0xB6, 0xAF, 0x98, 0xAF, 0x6C, 0x86, 0x80, 0x25, 0x9D, 0xDD, 0x91, 0xB2, 0xBA, 0x20, 0xAE,
  0x90, 0x3F, 0x8F, 0xA6, 0xF0, 0x74, 0x58, 0x2D, 0x39, 0xC7, 0x03, 0xEF, 0xA8, 0x09, 0xE3, 0x9C,
  0x71, 0xCA, 0x06, 0x1F, 0x36, 0xCB, 0x51, 0x4D, 0xC9, 0x69, 0x3B, 0x86, 0x65, 0x03, 0x02, 0x3B,
  0x80, 0x6B, 0xED, 0x3D, 0x69, 0x9A, 0x98, 0x66, 0xEE, 0x16, 0x19, 0x28, 0xFC, 0x29, 0x01, 0x71,
  0xDE, 0x9A, 0x33, 0x45, 0x07, 0x5C, 0xAB, 0x1B, 0x99, 0x27, 0x44, 0xC9, 0xDD, 0x51, 0xA7, 0x1A,
  0xA0, 0x21, 0x28, 0x13, 0xFD, 0x28, 0x5F, 0x24, 0xD9, 0x94, 0x4E, 0x78, 0x00, 0x21, 0x95, 0x1D,
  0xC6, 0x04, 0xD9, 0xDF, 0x05, 0xCD, 0x18, 0x96, 0x6C, 0x22, 0x02, 0x49, 0x54, 0xE2, 0x2F, 0x2C,
  0x29, 0x55, 0xEF, 0xA9, 0xB3, 0x6C, 0x26, 0x7C, 0xFF, 0xDE, 0xB9, 0xF4, 0x57, 0x31, 0xDD, 0x91,
  0xD5, 0x24, 0x76, 0x68, 0x7D, 0x9A, 0x62, 0x0F, 0x4A, 0x79, 0xB9, 0x22, 0x10, 0x27, 0x43, 0x5D,
  0xD9, 0x46, 0x62, 0x57, 0x7B, 0x2C, 0x3C, 0xE6, 0xCD, 0xD8, 0x93, 0x15, 0x5D, 0x58, 0x12, 0x9E,
  0xE2, 0xD5, 0x49, 0x52, 0x5E, 0x91, 0xA4, 0x34, 0xAD, 0xC2, 0x2B, 0x2C, 0xBD, 0x65, 0x9A, 0x3A,
  0x23, 0xFF, 0xB8, 0x37, 0x31, 0xEC, 0x6A, 0x7E, 0xF8, 0xA7, 0x8F, 0xD0, 0x5A, 0x0D, 0x21, 0xEF,
  0x65, 0x2F, 0xD9, 0xE9, 0x1B, 0x40, 0xB4, 0x44, 0x35, 0x7B, 0x2F, 0xB5, 0x78, 0x68, 0xDD, 0x67,
  0xDA, 0x6A, 0x0A, 0xB3, 0x93, 0x2A, 0xC8, 0x5C, 0x3F, 0xE6, 0x4E, 0x57, 0x9F, 0xFA, 0x26, 0x36,
  0x5B, 0xF9, 0xE6, 0x7E, 0xFF, 0xD9, 0x7E, 0x4E, 0xBA, 0x27, 0x55, 0x24, 0xE7, 0x72, 0x55, 0x50,
  0x41, 0x33, 0x6D, 0x0F, 0xFC, 0xB6, 0x63, 0x13, 0xCC, 0xCC, 0xC3, 0x0F, 0x79, 0x13, 0x49, 0xA7,
  0x21, 0x4F, 0x7C, 0x59, 0x6C, 0xDC, 0xE9, 0x5A, 0xBB, 0x71, 0x0A, 0xD9, 0x36, 0x47, 0x51, 0xBB,
  0x7C, 0x92, 0x0D, 0xA0, 0x96, 0x68, 0xB4, 0x63, 0x76, 0x43, 0x2B, 0xB6, 0x35, 0x78, 0xBD, 0x2C,
  0x23, 0x3F, 0xB0, 0x5D, 0xBE, 0x47, 0xE5, 0xBB, 0x2A, 0x74, 0xB2, 0x49, 0xF8, 0x28, 0xB3, 0x2A,
  0x21, 0x66, 0xEC, 0x02, 0x23, 0x44, 0xC5, 0x43, 0x38, 0x29, 0x80, 0x24, 0xA5, 0x2F, 0x3A, 0x60,
  0xAA, 0xAA, 0x00, 0x30, 0x9F, 0xE2, 0xAB, 0x99, 0x26, 0x6A, 0x19, 0x0D, 0x01, 0x61, 0xA5, 0xA8,
  0xCD, 0x23, 0x7B, 0x6C, 0x76, 0xF0, 0x2E, 0xB9, 0x3C, 0x61, 0x64, 0xF8, 0xA4, 0x37, 0x93, 0x8F,
  0xEE, 0x4C, 0x64, 0x3B, 0x53, 0x64, 0xB2, 0x38, 0x62, 0xE3, 0xBF, 0xFD, 0x6C, 0x01, 0x1D, 0x02,
  0xEC, 0x31, 0xED, 0x0E, 0xC4, 0x4D, 0xA2, 0x02, 0x3C, 0xB2, 0x6D, 0x32, 0x94, 0x69, 0x53, 0x0E,
  0x59, 0xA5, 0x98, 0xB7, 0xF0, 0x0E, 0x22, 0x27, 0x46, 0x8F, 0x10, 0x29, 0xFC, 0x11, 0xBD, 0x94,
  0xFA, 0x6D, 0xBA, 0x8E, 0x4B, 0x68, 0x64, 0x1B, 0xCF, 0x7C, 0x6A, 0xDB, 0x27, 0x99, 0x87, 0x76,
  0x74, 0x10, 0xB6, 0x21, 0x08, 0x79, 0x04, 0x87, 0x23, 0x11, 0xB8, 0x15, 0xA5, 0xAB, 0xAF, 0x99,
  0xCA, 0x87, 0xFE, 0x37, 0x24, 0xAE, 0x72, 0xAD, 0x64, 0x95, 0x77, 0x76, 0x59, 0xB1, 0x1B, 0x5D,
  0xFA, 0x7B, 0x0D, 0x51, 0xC1, 0xB4, 0x09, 0x98, 0x50, 0x0E, 0xF3, 0x85, 0xBE, 0xF4, 0x31, 0xD9,
  0x1E, 0x90, 0x08, 0xBC, 0x81, 0x21, 0x69, 0x0C, 0x3D, 0xFB, 0xA6, 0xD5, 0xB5, 0x16, 0xDE, 0x1E,
  0x61, 0x4F, 0xDB, 0x36, 0x5D, 0x02, 0x57, 0x67, 0x8C, 0x74, 0x76, 0x35, 0xE5, 0xC6, 0x64, 0xA6,
  0x7E, 0xEE, 0x40, 0xAC, 0xB1, 0x95, 0xDB, 0x54, 0xBF, 0x7C, 0xE1, 0x31, 0x25, 0xA9, 0xD7, 0x06,
  0x34, 0xE1, 0x1F, 0xF3, 0x42, 0x84, 0x10, 0x76, 0x67, 0x59, 0xD3, 0x2E, 0x7D, 0x8A, 0x99, 0x64,
  0x6A, 0x2D, 0x72, 0x26, 0xDF, 0x34, 0x01, 0xF8, 0x5B, 0xB6, 0x16, 0x30, 0x9E, 0xE3, 0xBF, 0x28,
  0xB7, 0xAD, 0xD0, 0xA1, 0x21, 0x13, 0xB9, 0x99, 0x38, 0x06, 0x59, 0x30, 0x1C, 0x58, 0x96, 0x63,
  0xFA, 0x27, 0xE9, 0xE8, 0x0E, 0x24, 0xD3, 0xCB, 0x6E, 0x7A, 0xBE, 0xC5, 0x82, 0x04, 0xD1, 0x9D,
  0x38, 0x13, 0xEF, 0x1B, 0x51, 0x89, 0x78, 0xDB, 0xBF, 0x4A, 0x5E, 0x2D, 0x67, 0x0F, 0x3D, 0x4D,
  0xED, 0x76, 0xC0, 0xD5, 0x68, 0x2E, 0x82, 0xE9, 0x90, 0xCC, 0x10, 0x96, 0xD3, 0xC4, 0x55, 0x95,
  0x0F, 0xE2, 0xD8, 0xD0, 0x02, 0xBD, 0x4F, 0x35, 0x4C, 0x98, 0x77, 0x3D, 0xD2, 0x3C, 0x22, 0x61,
  0x07, 0x84, 0x3E, 0xD1, 0xD8, 0x20, 0xD6, 0x77, 0x41, 0x1F, 0xBB, 0x71, 0x6B, 0x4B, 0x7F, 0xAD,
  0xA9, 0xFA, 0xE2, 0x72, 0x63, 0xBA, 0x1A, 0x65, 0x5C, 0xD8, 0xA6, 0xAE, 0x5C, 0x11, 0xF1, 0x63,
  0x54, 0x69, 0xD5, 0xE7, 0x8B, 0xD4, 0x50, 0x24, 0xD7, 0x5E, 0xC5, 0x66, 0x73, 0x08, 0x62, 0x1D,
  0x88, 0xA4, 0x5A, 0x7A, 0xE3, 0xDD, 0x1D, 0x94, 0x57, 0x81, 0xC9, 0xA1, 0x90, 0x28, 0xF2, 0x21,
  0xDC, 0x23, 0xE6, 0xF9, 0x59, 0x2A, 0xD3, 0xDD, 0xD8, 0xE1, 0xE7, 0x60, 0xCD, 0xF6, 0x28, 0xB0,
  0x2F, 0x4D, 0x57, 0x5D, 0xAD, 0x7B, 0xBE, 0xAE, 0x48, 0x86, 0x30, 0xB2, 0x8A, 0xE9, 0xAB, 0xB0,
  0x33, 0xC0, 0x17, 0x36, 0xF1, 0x38, 0x9C, 0x09, 0x41, 0x5F, 0xDA, 0xE7, 0x49, 0xAA, 0xCD, 0x6A,
  0xA7, 0x02, 0x2A, 0xA1, 0x30, 0x01, 0x2B, 0x1C, 0x5D, 0x67, 0x64, 0xFC, 0x50, 0x30, 0x4D, 0x0C,
  0x5A, 0xCD, 0xE4, 0x6B, 0x93, 0x6D, 0xC3, 0x05, 0x06, 0x6C, 0x97, 0xDC, 0x49, 0x86, 0xB6, 0x24,
  0xC5, 0x0F, 0x03, 0x4F, 0x24, 0x86, 0x6F, 0xA3, 0x4B, 0x8D, 0x51, 0xA1, 0xD4, 0xA2, 0x09, 0x59,
  0x08, 0xA2, 0x3B, 0xEC, 0x45, 0xA1, 0x9D, 0x1A, 0x72, 0x4D, 0xB6, 0xCD, 0x6D, 0x5E, 0x02, 0x6A,
  0x7B, 0xBC, 0xDA, 0x33, 0x10, 0xE7, 0x2F, 0x46, 0x77, 0x82, 0x2D, 0x07, 0xC4, 0x07, 0x61, 0xAC,
  0x27, 0x3C, 0xC5, 0x97, 0x14, 0xF7, 0xF3, 0xC9, 0x23, 0xD0, 0x4F, 0x23, 0x6E, 0xE8, 0x76, 0x85,
  0xAC, 0x88, 0x9D, 0x32, 0x97, 0x31, 0x23, 0x97, 0xA5, 0xF5, 0x57, 0x6A, 0xCB, 0xD6, 0x99, 0x02,
  0x15, 0x40, 0xFE, 0x9A, 0x6A, 0x50, 0xE1, 0x7A, 0x29, 0x05, 0xDD, 0x6D, 0x13, 0x0B, 0xB7, 0x00,
  0x1E, 0x16, 0x56, 0xB0, 0xE9, 0xB4, 0xFB, 0x75, 0xE1, 0x18, 0xF3, 0x8C, 0xDD, 0x61, 0xA0, 0xF8,
  0x8A, 0x0B, 0x20, 0x31, 0xB1, 0x38, 0xE7, 0xCB, 0x50, 0x5E, 0xD7, 0x97, 0x6D, 0xA0, 0xBA, 0x33,
  0x9B, 0x52, 0xF7, 0x49, 0x38, 0xF3, 0xF3, 0x95, 0x6C, 0x96, 0xF1, 0x05, 0x37, 0x4E, 0x9C, 0xAD,
  0x21, 0x43, 0x8C, 0x00, 0x8C, 0xC4, 0x55, 0x28, 0x14, 0xAD, 0xA2, 0x54, 0x74, 0xF9, 0x83, 0xC3,
  0x90, 0xCF, 0x09, 0xEC, 0x01, 0x0C, 0xF2, 0xD4, 0x7A, 0x54, 0x47, 0x84, 0x63, 0x67, 0x28, 0x00,
  0x43, 0x57, 0x62, 0x67, 0x20, 0x1F, 0x59, 0x6B, 0x5E, 0xCA, 0x6E, 0x42, 0x75, 0x72, 0xA6, 0xA1,
  0x59, 0xC8, 0xAC, 0x4D, 0x03, 0xCA, 0xE7, 0xD7, 0xBF, 0x4E, 0xCB, 0x0B, 0xC2, 0xCC, 0x5E, 0x07,
  0x38, 0x97, 0x9A, 0x40, 0x05, 0x99, 0x40, 0xED, 0xE6, 0xDD, 0xCA, 0x3D, 0x75, 0x60, 0x57, 0x36,
  0xA1, 0x92, 0x30, 0x2A, 0xB5, 0xBE, 0xF0, 0x9C, 0x79, 0x1B, 0xEE, 0xFD, 0x42, 0xB1, 0xCB, 0xCB,
  0x54, 0xC4, 0x30, 0x82, 0x52, 0xEA, 0xFC, 0xA2, 0xDC, 0x44, 0x03, 0x34, 0x85, 0xE6, 0x5B, 0x12,
  0x38, 0x98, 0x5A, 0x5C, 0xF5, 0x8F, 0xAE, 0x8F, 0xD7, 0xA5, 0x9E, 0x21, 0xB2, 0x38, 0xF3, 0xC0,
  0xA5, 0xCC, 0x1F, 0xA1, 0xCF, 0xD2, 0x7D, 0xC9, 0x78, 0x35, 0x16, 0xAB, 0x25, 0xC6, 0x9E, 0x1C,
  0x4A, 0x40, 0xCE, 0xD3, 0x40, 0xD2, 0xED, 0x67, 0x37, 0xD5, 0xA4, 0xD1, 0x90, 0x1E, 0xE1, 0x9E,
  0xF2, 0xA3, 0x2F, 0xB4, 0xFF, 0x33, 0x53, 0x28, 0x39, 0x17, 0x4F, 0x8C, 0xC4, 0xD8, 0xDD, 0xCF,
  0xAF, 0xF2, 0x96, 0xD3, 0x0F, 0x42, 0xB8, 0x79, 0xD6, 0x82, 0x5F, 0x3D, 0x42, 0xB5, 0xE8, 0xC6,
  0x06, 0x6E, 0x81, 0xC8, 0x96, 0xE6, 0xDC, 0x89, 0xB3, 0xA6, 0xCB, 0x30, 0x54, 0x87, 0xDE, 0xE9,
  0x9D, 0xF8, 0x45, 0xC3, 0x3B, 0xE7, 0x81, 0x13, 0xC3, 0xF1, 0x18, 0xA4, 0x18, 0x8A, 0x9F, 0x21,
  0xE1, 0xE4, 0x8F, 0x5B, 0x84, 0x14, 0x7C, 0xAB, 0xCC, 0x44, 0xF1, 0x55, 0xF6, 0xE3, 0x3D, 0xBF,
  0xFC, 0x2D, 0x55, 0xA5, 0xC1, 0x7F, 0x77, 0xBE, 0xC0, 0x43, 0x2A, 0x2F, 0x34, 0xC9, 0x8B, 0xD4,
  0x8D, 0x81, 0x19, 0xC1, 0x61, 0x76, 0x28, 0x3F, 0x04, 0xA9, 0x11, 0xE9, 0x2B, 0x9F, 0x29, 0x18,
  0xC7, 0xBF, 0xC0, 0xC1, 0x31, 0xD6, 0x70, 0x7E, 0x3D, 0x9A, 0xC1, 0xB4, 0xEB, 0x86, 0x71, 0xAE,
  0x60, 0x77, 0xE7, 0xA0, 0x6A, 0x7E, 0x1D, 0x22, 0x50, 0x2F, 0x95, 0xDD, 0x3B, 0xF8, 0x03, 0xA8,
  0xEC, 0x30, 0x3D, 0xB8, 0x24, 0x47, 0x32, 0x54, 0x10, 0x0D, 0x6F, 0x00, 0x79, 0xAF, 0xE8, 0x6B,
  0xF8, 0x17, 0x35, 0x47, 0x4C, 0xA2, 0x90, 0x17, 0x95, 0x7A, 0x54, 0x28, 0xBB, 0x7D, 0x52, 0x2F,
  0x25, 0xE3, 0xE6, 0x24, 0x3E, 0x91, 0xCC, 0xD1, 0x72, 0xFA, 0xE8, 0x87, 0x0B, 0x85, 0x78, 0x74,
  0x22, 0xD9, 0x74, 0xF0, 0x33, 0x71, 0x5A, 0x3E, 0x55, 0xFF, 0x70, 0xE4, 0xDD, 0xF2, 0x59, 0xC7,
  0xFC, 0x94, 0x88, 0xD5, 0xF6, 0x14, 0xF4, 0x6D, 0x8D, 0xCF, 0xF1, 0x2F, 0x90, 0x9E, 0x3E, 0x61,
  0xDB, 0xDC, 0xEA, 0xC1, 0x43, 0x18, 0x03, 0xC5, 0x80, 0xF1, 0xCE, 0x09, 0xD7, 0xE3, 0xE4, 0xE4,
  0xCB, 0x9C, 0x3A, 0x9B, 0xF0, 0xD3, 0x3A, 0xB5, 0x52, 0x87, 0xAE, 0x9B, 0xED, 0x67, 0x81, 0xAA,
  0xF5, 0x39, 0x76, 0xE0, 0xD3, 0x42, 0xAD, 0x82, 0xC4, 0x04, 0xFF, 0xDC, 0x7D, 0x7F, 0xC4, 0x54,
  0x60, 0xA9, 0x87, 0x66, 0x35, 0xDE, 0x2A, 0xC9, 0x8A, 0x24, 0x92, 0xB6, 0x9A, 0xBF, 0x9A, 0xB2,
  0x2B, 0x26, 0x9A, 0xA8, 0x77, 0xB9, 0x78, 0x6C, 0x57, 0xA7, 0x03, 0xFC, 0x6C, 0xED, 0x31, 0x58,
  0x79, 0xC6, 0xEF, 0x72, 0xE4, 0xB5, 0x3B, 0x17, 0x08, 0xE6, 0xD2, 0x15, 0x87, 0x15, 0xCD, 0x75,
  0xA9, 0xCF, 0xD4, 0xEE, 0x41, 0x28, 0xC1, 0xAD, 0x17, 0xD5, 0x19, 0xBA, 0x88, 0x32, 0x20, 0xAC,
  0x73, 0x0A, 0x59, 0xEF, 0x26, 0xAD, 0x9F, 0x23, 0xC1, 0x46, 0xB6, 0xD9, 0xFD, 0x10, 0x2F, 0xD2
};

static const uint8_t emb_Aida_9[] = {
  0xA0, 0x57, 0x96, 0x73, 0x73, 0x28, 0x8E, 0x69, 0x3E, 0xF7, 0x51, 0x63, 0x0F, 0xB2, 0x46, 0x73,
  0xD3, 0x49, 0xFB, 0x3C, 0x4E, 0xB4, 0x45, 0x4D, 0x5B, 0x9F, 0xAA, 0xBE, 0x22, 0xF3, 0x80, 0xD3,
  0x9D, 0xCA, 0x12, 0xAE, 0xDE, 0xBE, 0x04, 0xF4, 0x27, 0x07, 0xB1, 0x34, 0xCF, 0x2D, 0xE6, 0x3C,
  0x71, 0x10, 0x9F, 0xD7, 0xB5, 0x19, 0x0B, 0xA9, 0x04, 0xA6, 0xF0, 0x8B, 0xCE, 0xE6, 0xBA, 0x03,
  0x15, 0x6B, 0x26, 0xB0, 0x3C, 0xBA, 0xD3, 0xAB, 0x6B, 0xC3, 0x2F, 0xA5, 0x6E, 0xD5, 0xCF, 0xBE,
  0x5D, 0x0E, 0x8D, 0x4B, 0xF3, 0xEA, 0xB3, 0xA4, 0xF4, 0xB7, 0x6B, 0x51, 0xDC, 0x2D, 0xCD, 0xB2,
  0x77, 0xE7, 0xA4, 0x3E, 0xB9, 0xA5, 0x63, 0xC9, 0xC3, 0x63, 0x55, 0xE1, 0x9D, 0xC6, 0x66, 0x13,
  0x90, 0x9A, 0x0D, 0xC8, 0x6F, 0x11, 0xE1, 0x90, 0xA6, 0x71, 0x10, 0xC3, 0x45, 0x94, 0x90, 0xBA,
  0x61, 0xA8, 0xFA, 0x55, 0x26, 0x1E, 0xE5, 0xE1, 0xC6, 0x5B, 0xCA, 0x08, 0x73, 0x31, 0xD7, 0x7A,
  0xDB, 0x4A, 0x8F, 0x23, 0x02, 0xB8, 0x93, 0xAC, 0x22, 0x15, 0xE9, 0xE4, 0x75, 0x8B, 0x0A, 0xA6,
  0x95, 0x34, 0xDB, 0x4E, 0x8F, 0xF5, 0xE6, 0x80, 0x02, 0xA7, 0x5A, 0xFA, 0x79, 0x5F, 0x05, 0xA8,
  0xB2, 0x06, 0x1D, 0x83, 0x50, 0x27, 0x0F, 0x0F, 0x6B, 0x11, 0x65, 0xEA, 0xE5, 0xF9, 0x8D, 0x40,
  0xD7, 0xEC, 0xE9, 0xF8, 0xD9, 0x9B, 0xB3, 0xB1, 0x0B, 0xAB, 0x20, 0xF4, 0x41, 0x81, 0x9A, 0x73,
  0x05, 0x7F, 0xA6, 0x0D, 0xB6, 0xAE, 0x78, 0x40, 0x18, 0xF5, 0xFE, 0x0F, 0xF4, 0x7B, 0xAD, 0xB6,
  0x3B, 0xAD, 0xCB, 0xA1, 0x48, 0x56, 0xCB, 0x45, 0xBA, 0x58, 0x62, 0x0B, 0x6F, 0xEB, 0x2E, 0xCC,
  0x62, 0x00, 0xDA, 0x14, 0x42, 0x2F, 0x3F, 0xE5, 0xF2, 0x96, 0x25, 0x82, 0xFC, 0xAA, 0x41, 0x68,
  0x8D, 0xDA, 0xBB, 0xC9, 0x74, 0x6E, 0x79, 0x55, 0xB5, 0x1C, 0x7C, 0x6E, 0xD4, 0xE4, 0x87, 0x26,
  0x90, 0x9B, 0x9D, 0xB8, 0x2C, 0xDC, 0x9C, 0x2D, 0x71, 0x3F, 0x63, 0xBB, 0xA7, 0xEF, 0xA8, 0x1D,
  0xC8, 0x84, 0x7E, 0xE2, 0x87, 0x21, 0xC5, 0xEB, 0xA5, 0x3C, 0x54, 0x57, 0x30, 0xB0, 0x2C, 0x52,
  0xF4, 0xAA, 0x33, 0x1F, 0xF8, 0x0D, 0x01, 0x8E, 0x01, 0x69, 0x99, 0x54, 0xAF, 0x06, 0x2A, 0xC0,
  0xC3, 0x8A, 0xC6, 0xC4, 0xA7, 0x82, 0x70, 0x44, 0x3E, 0x99, 0xA0, 0x89, 0x95, 0xEB, 0x85, 0x5E,
  0x8C, 0xAC, 0x8B, 0x28, 0x6B, 0x6D, 0x48, 0xCC, 0xC3, 0x3F, 0x03, 0x86, 0xE0, 0x47, 0x2F, 0x0B,
  0x74, 0x38, 0x30, 0x9C, 0x6B, 0x46, 0xBB, 0xD4, 0x21, 0x09, 0x1F, 0x59, 0x77, 0xEA, 0xD1, 0xDE,
  0xCE, 0xEE, 0xE4, 0xDA, 0x27, 0xBE, 0x04, 0x3C, 0x24, 0x35, 0x63, 0xE3, 0xAC, 0x0F, 0xD5, 0xC7,
  0x87, 0xEB, 0x95, 0x30, 0x83, 0x70, 0xEC, 0xCC, 0x2F, 0x3B, 0x59, 0x67, 0xCE, 0xB4, 0x26, 0x4F,
  0xC3, 0x02, 0xF8, 0xD2, 0x83, 0xE6, 0xC3, 0xB5, 0xAA, 0xF8, 0xF8, 0x20, 0xFA, 0xD9, 0x78, 0xBA,
  0xC7, 0xCD, 0x16, 0x5B, 0x3B, 0x2B, 0xD4, 0xDC, 0x87, 0xF0, 0xE9, 0xD6, 0xC5, 0x9D, 0xD9, 0x30,
  0xE4, 0x91, 0xB9, 0x58, 0xD2, 0x9F, 0xE6, 0x11, 0x1D, 0x8D, 0x92, 0xC4, 0xF3, 0xE9, 0xDE, 0xB5,
  0xC7, 0xCC, 0xF6, 0x8E, 0x1F, 0x97, 0x87, 0xC6, 0x72, 0xAD, 0xAC, 0x10, 0x6D, 0xF0, 0x9D, 0xDF,
  0xDA, 0xE1, 0x63, 0x7B, 0x8D, 0xBE, 0x2C, 0x11, 0xDC, 0x22, 0x11, 0xB6, 0x18, 0x2F, 0xE0, 0x16,
  0x6C, 0x87, 0x7F, 0x68, 0x83, 0x9E, 0xCA, 0x8A, 0x4D, 0xEC, 0x6F, 0x3B, 0xC5, 0x6C, 0x51, 0x89,
  0x11, 0x35, 0xD6, 0xB5, 0x3E, 0x42, 0x9F, 0xD9, 0xDB, 0x18, 0xE8, 0x17, 0x37, 0x34, 0x9A, 0x7F,
  0x53, 0x21, 0x00, 0xEA, 0x4B, 0x59, 0x4D, 0x15, 0x45, 0x46, 0x98, 0xF7, 0x57, 0xFB, 0xD3, 0x3B,
  0xA1, 0xD3, 0x13, 0x07, 0xBE, 0x06, 0x67, 0x64, 0x6A, 0x41, 0xE3, 0xED, 0xCA, 0x37, 0x21, 0x3C,
  0xEF, 0x91, 0x21, 0x67, 0xC7, 0xB5, 0xF7, 0x72, 0x9E, 0xD3, 0x15, 0xA9, 0xB8, 0x00, 0x40, 0xB3,
  0x52, 0x8A, 0x73, 0xBA, 0x74, 0x63, 0xB0, 0x77, 0xE2, 0x7C, 0xB1, 0x01, 0xBA, 0xE3, 0xC4, 0xF0,
  0xF5, 0x04, 0xEC, 0x06, 0x1F, 0x14, 0xAB, 0x34, 0xC1, 0xB6, 0xED, 0xD1, 0x63, 0xB9, 0x41, 0x65,
  0x93, 0x50, 0xC9, 0xA6, 0x4E, 0xE5, 0xC4, 0x41, 0x91, 0x6A, 0x86, 0x22, 0x7E, 0x51, 0xDC, 0x3E,
  0x3E, 0xD9, 0x8A, 0xF5, 0x65, 0x95, 0x6D, 0x24, 0xE1, 0xFB, 0x4E, 0xA8, 0x67, 0x13, 0x26, 0x0D,
  0x96, 0xDE, 0x10, 0x11, 0x85, 0xAC, 0x8F, 0x3A, 0x21, 0xE5, 0xDD, 0x23, 0x84, 0xEF, 0x6D, 0xDB,
  0x4E, 0xCF, 0x2F, 0x51, 0x4E, 0x90, 0x38, 0x1B, 0x74, 0x92, 0x87, 0xFF, 0xFF, 0xEE, 0x1E, 0x10,
  0xC4, 0x4B, 0x11, 0x20, 0xBD, 0xEC, 0x19, 0x10, 0xAD, 0xAE, 0xBF, 0xC0, 0xFF, 0xCE, 0x07, 0xB8,
  0x70, 0x91, 0x0E, 0xED, 0x6D, 0x59, 0xB8, 0x8E, 0x64, 0x25, 0x08, 0xC6, 0x39, 0xA1, 0x29, 0xD5,
  0xA8, 0x61, 0xE6, 0x3A, 0xB5, 0x24, 0x0E, 0x9A, 0xFE, 0x9F, 0x8D, 0x75, 0xF7, 0xB6, 0x8A, 0x72,
  0x6E, 0xF0, 0x85, 0xB8, 0xC7, 0x93, 0xEA, 0xDF, 0x96, 0x5B, 0xB7, 0x86, 0xD9, 0xB7, 0xAB, 0xD1,
  0x24, 0xAA, 0x2E, 0xA2, 0x16, 0xF7, 0x2B, 0x17, 0x5B, 0xD8, 0x2B, 0xD2, 0x12, 0xA3, 0x48, 0x8F,
  0xC6, 0x8A, 0x99, 0x09, 0x57, 0x17, 0xAF, 0x59, 0x8A, 0x71, 0x40, 0xED, 0x7D, 0x36, 0xD3, 0x3D,
  0x58, 0xDA, 0x7D, 0x4D, 0x6F, 0xD4, 0x3C, 0xDB, 0xAA, 0x9D, 0x56, 0x19, 0x99, 0x39, 0xA3, 0xD6,
  0x9C, 0xB5, 0x7C, 0x48, 0xB7, 0x1A, 0xA3, 0xC5, 0x22, 0xAA, 0xDF, 0x20, 0x1D, 0xA1, 0x48, 0x58,
  0xB5, 0x77, 0xCF, 0xF4, 0x16, 0xBD, 0xA8, 0xB6, 0x4D, 0xAF, 0xF4, 0xB3, 0x25, 0x27, 0xDD, 0xA1,
  0x40, 0x31, 0x7B, 0x96, 0x66, 0x7D, 0x95, 0xB1, 0xFB, 0x41, 0xA0, 0x59, 0x09, 0x87, 0xBB, 0xEB,
  0xB9, 0xBC, 0xCA, 0x36, 0xC4, 0x6B, 0xE2, 0x34, 0x86, 0xD4, 0xCE, 0x5C, 0x9D, 0x30, 0x27, 0xC2,
  0xFD, 0x85, 0x58, 0xC5, 0x5E, 0xD8, 0xFA, 0x5C, 0xB5, 0x77, 0x2C, 0xE5, 0x9F, 0xE4, 0x29, 0x62,
  0x25, 0x75, 0x58, 0x0E, 0x38, 0x1E, 0xA0, 0x01, 0x5B, 0xF1, 0xD9, 0x34, 0x4E, 0x0F, 0x68, 0x75,
  0xD8, 0xAF, 0x4C, 0x02, 0x94, 0x98, 0xF1, 0xEF, 0xA9, 0x40, 0x1E, 0xDE, 0xFD, 0x6D, 0x8D, 0xE7,
  0x86, 0x46, 0x34, 0xE9, 0x6B, 0x5B, 0x55, 0x2D, 0xC2, 0xE2, 0xA3, 0x26, 0xFC, 0x07, 0xE6, 0x98,
  0xCF, 0x1E, 0x49, 0x45, 0xB4, 0x9B, 0x1F, 0x65, 0xF2, 0xAB, 0x0E, 0x17, 0x82, 0xDA, 0x72, 0x4B,
  0xDB, 0x38, 0x73, 0x16, 0x14, 0xBA, 0x6D, 0x4F, 0xD5, 0xD4, 0xEF, 0x91, 0x8B, 0xE3, 0x29, 0xB1,
  0x6B, 0x75, 0xE1, 0x10, 0x62, 0x80, 0xE0, 0xF5, 0x03, 0xC6, 0x1D, 0x47, 0xD9, 0xEE, 0xEF, 0x59,
  0xBD, 0x6B, 0x4D, 0x30, 0xF6, 0x36, 0xE6, 0xF7, 0xB2, 0x81, 0xAB, 0x08, 0x99, 0x3E, 0xE2, 0x71,
  0x69, 0xC1, 0x88, 0x21, 0x0C, 0x61, 0xC5, 0xB6, 0xA4, 0x2C, 0x0A, 0xD8, 0x72, 0x12, 0xF2, 0x46,
  0x77, 0xBB, 0x4F, 0x86, 0xF6, 0x39, 0xD5, 0x3F, 0xB4, 0xF0, 0xD2, 0xEB, 0x83, 0x01, 0x2B, 0x8D,
  0x82, 0xC5, 0x3F, 0x0F, 0xF5, 0xD6, 0x89, 0xDF, 0xFF, 0x4C, 0xA9, 0x44, 0x02, 0xF3, 0x82, 0x5A,
  0x68, 0x11, 0x0D, 0xFA, 0x76, 0xD3, 0x23, 0x3D, 0x06, 0x29, 0x70, 0x98, 0xDA, 0xDB, 0x87, 0x26,
  0x1C, 0xDD, 0x9A, 0xF9, 0x8D, 0xCB, 0xAD, 0x7D, 0xEA, 0x14, 0x43, 0x65, 0x63, 0x22, 0x1C, 0xFD,
  0x35, 0x66, 0xE6, 0x17, 0x5E, 0xA1, 0x21, 0x10, 0x7C, 0xB6, 0x49, 0x6F, 0x7C, 0x6D, 0x42, 0xA0,
  0x46, 0x04, 0xA9, 0x93, 0x5B, 0xB9, 0xE9, 0x5E, 0xA3, 0xA9, 0xAE, 0xA4, 0x17, 0x40, 0x2E, 0x76,
  0x5C, 0x27, 0x6F, 0x56, 0x51, 0x25, 0xDD, 0xCB, 0xD8, 0xBD, 0xD0, 0x41, 0x58, 0xAA, 0x28, 0xE4,
  0x5A, 0x6C, 0xAB, 0xEF, 0xD0, 0xC6, 0xFB, 0x36, 0x17, 0x17, 0x27, 0x6D, 0x7A, 0x9C, 0xCF, 0xF2,
  0xDC, 0xDD, 0x20, 0xE3, 0xC7, 0x76, 0x10, 0xFE, 0xB8, 0x53, 0x8E, 0x54, 0x7D, 0xEB, 0x5D, 0x5A,
  0x93, 0x35, 0xC9, 0xEF, 0x0A, 0x90, 0x72, 0x4B, 0x93, 0x27, 0x62, 0x72, 0xEB, 0x01, 0xEA, 0xD9,
  0xF5, 0xC3, 0xB7, 0xD7, 0x57, 0x3F, 0xEF, 0x9D, 0x1A, 0x7C, 0x94, 0x44, 0x3A, 0x04, 0x61, 0x64,
  0xEF, 0x37, 0x33, 0x64, 0xE1, 0x81, 0xC1, 0x37, 0x66, 0xCD, 0xFC, 0x45, 0x77, 0x1F, 0xE3, 0x95,
  0xB8, 0x3B, 0xE1, 0x43, 0x54, 0xDB, 0xA3, 0xE8, 0x15, 0x64, 0x57, 0x15, 0x53, 0x77, 0x02, 0x74,
  0x92, 0x13, 0xB3, 0x41, 0x24, 0x3C, 0x7C, 0xFA, 0xF3, 0x13, 0xC5, 0x07, 0xD7, 0xD0, 0xE2, 0xDF,
  0x11, 0x53, 0x83, 0x2E, 0x20, 0xE0, 0xCF, 0x59, 0x18, 0x86, 0x0E, 0xFE, 0x5F, 0x89, 0xE8, 0x4B,
  0x9D, 0xE5, 0x12, 0xEC, 0xB0, 0xF5, 0x28, 0xBC, 0xF8, 0xE9, 0xAB, 0x84, 0x38, 0xB1, 0xDC, 0x97,
  0x48, 0x76, 0xED, 0xCB, 0x3E, 0xA4, 0x01, 0xB5, 0x4C, 0xA1, 0xA4, 0x5A, 0xD2, 0x99, 0xD2, 0xA1,
  0xB1, 0x9E, 0x0A, 0xD0, 0x1E, 0x2C, 0xBE, 0xD5, 0xAE, 0x9A, 0x01, 0x53, 0x3F, 0xAA, 0xD0, 0xF0,
  0xC5, 0x2A, 0x96, 0x35, 0xC2, 0x11, 0x77, 0xA8, 0x7F, 0xD6, 0x03, 0x6E, 0x61, 0x58, 0x4C, 0x1C,
  0x62, 0x4B, 0xD8, 0x19, 0x85, 0xD7, 0xFA, 0x2E, 0x40, 0x06, 0x78, 0xD5, 0xDD, 0xB9, 0x23, 0x1D,
  0x94, 0x60, 0xE0, 0xAD, 0xA1, 0x8F, 0x4D, 0x11, 0x7E, 0x1B, 0xD1, 0xFA, 0xEA, 0xCF, 0x94, 0xD4,
  0xB2, 0x89, 0xF3, 0xE9, 0x61, 0x6A, 0xC3, 0x61, 0xFD, 0x1D, 0x9D, 0x6F, 0x5C, 0x6B, 0xBA, 0x48,
  0xA6, 0x5A, 0xD5, 0x55, 0x83, 0x92, 0xAD, 0xB0, 0x81, 0x67, 0x39, 0x62, 0xAA, 0x52, 0x0C, 0x07,
  0xE0, 0x5F, 0x07, 0x6B, 0xD1, 0xCC, 0xF3, 0x0A, 0x80, 0x70, 0x14, 0x39, 0x9D, 0x9D, 0x05, 0x52,
  0xA2, 0x20, 0x70, 0x42, 0x84, 0xFD, 0x96, 0x42, 0x79, 0xD9, 0xCA, 0xBD, 0x8E, 0x55, 0xD2, 0xE4,
  0x00, 0x47, 0x1B, 0x6F, 0xA1, 0xFA, 0x71, 0x93, 0x37, 0x93, 0x5A, 0xFA, 0x1E, 0x3F, 0xA5, 0xCA,
  0xFA, 0x3B, 0x9C, 0x5C, 0xFD, 0x96, 0xBF, 0x33, 0x1E, 0xF5, 0x23, 0xCE, 0xC8, 0x51, 0xFC, 0x0B,
  0x28, 0xE0, 0x96, 0xBA, 0x6B, 0x9C, 0x2C, 0x8A, 0xF2, 0x19, 0x22, 0xF8, 0xC4, 0xC1, 0xCD, 0x24,
  0xE6, 0x52, 0xFD, 0x16, 0x94, 0x89, 0xC7, 0x40, 0x92, 0xCF, 0xBB, 0xD0, 0x5D, 0xF0, 0x89, 0x1F,
  0x78, 0x3F, 0xDF, 0xA8, 0xE1, 0xAC, 0x5E, 0xDA, 0x8B, 0xF0, 0xB0, 0x42, 0xAD, 0xC4, 0x0E, 0x52,
  0xE7, 0x1C, 0x73, 0xDF, 0xBB, 0xA7, 0x6A, 0x42, 0x9A, 0x48, 0x2E, 0x46, 0xA9, 0xC2, 0x94, 0x03,
  0x92, 0x63, 0xCB, 0x33, 0x5B, 0x69, 0xC6, 0xE0, 0x09, 0x1F, 0x4B, 0x6E, 0xC0, 0x2E, 0x7A, 0x70,
  0x09, 0x74, 0xD0, 0xDD, 0x14, 0xD3, 0x01, 0xFD, 0xB7, 0x34, 0x36, 0x6F, 0x4E, 0xBA, 0xED, 0x40,
  0xBE, 0x74, 0x7E, 0xBC, 0xE5, 0x80, 0x27, 0x22, 0xF5, 0xEF, 0x63, 0x0A, 0x92, 0xFB, 0x86, 0x05,
  0x5E, 0x8D, 0x79, 0x21, 0xC9, 0x18, 0x95, 0xCA, 0x23, 0x3E, 0x82, 0x30, 0x2F, 0x0B, 0xA6, 0xE2,
  0xD0, 0x45, 0x8C, 0x6E, 0xC9, 0xE9, 0x07, 0xB4, 0xE5, 0x17, 0x0B, 0x44, 0x6F, 0x05, 0x31, 0x54,
  0xFA, 0x35, 0x25, 0xE1, 0x9D, 0xDA, 0xDE, 0x52, 0x48, 0xC5, 0x85, 0x0C, 0xD2, 0x89, 0xEC, 0xA2,
  0xD7, 0x45, 0x29, 0x98, 0x25, 0x01, 0x12, 0x24, 0x52, 0x5F, 0x03, 0x34, 0xF5, 0xFF, 0x9A, 0x17,
  0x0D, 0xA9, 0xFA, 0x39, 0xE5, 0x4D, 0x48, 0x88, 0x01, 0x46, 0x83, 0x2E, 0x4A, 0xFA, 0x3A, 0xEF,
  0x0F, 0x14, 0x80, 0x97, 0x8B, 0xEF, 0xF8, 0x21, 0x79, 0x14, 0xB3, 0x30, 0x58, 0x66, 0x17, 0x02,
  0x10, 0xDF, 0x25, 0x49, 0x6B, 0x4F, 0x5C, 0xA9, 0xE1, 0xA0, 0x44, 0xD9, 0x4D, 0xB4, 0x94, 0x9C,
  0xA6, 0xA8, 0xDD, 0x11, 0xE5, 0x50, 0x9E, 0xA4, 0x7B, 0xCF, 0x7F, 0x84, 0x4C, 0x81, 0x0F, 0xAD,
  0xC6, 0xCD, 0x84, 0xC5, 0xFD, 0x92, 0x06, 0xC9, 0x4F, 0x70, 0xA6, 0x5B, 0xEB, 0x71, 0xCF, 0x45,
  0xB4, 0xB5, 0x30, 0xEF, 0xF7, 0x93, 0x32, 0xE5, 0x3E, 0x24, 0xDE, 0xBD, 0xE6, 0x86, 0x1F, 0x00,
  0x46, 0x32, 0x71, 0x1B, 0x6F, 0x9F, 0x3E, 0xBD, 0x73, 0x31, 0x4C, 0x3A, 0xBD, 0x1E, 0x2D, 0x85,
  0x0A, 0x09, 0xB8, 0x13, 0xD5, 0x51, 0x37, 0x3A, 0x7A, 0xF8, 0xE0, 0x27, 0x4D, 0x99, 0x39, 0x70,
  0xB0, 0x54, 0xC6, 0xDA, 0x4B, 0x1B, 0xF4, 0x70, 0x83, 0xFD, 0x54, 0x7D, 0xC5, 0xF0, 0x7D, 0xEE,
  0x33, 0x79, 0xAD, 0xDD, 0x90, 0x69, 0x93, 0x7B, 0x7E, 0x1A, 0xAF, 0x82, 0xDB, 0x79, 0x00, 0xDD,
  0xBF, 0x66, 0xD1, 0x1F, 0x93, 0xDF, 0x38, 0x19, 0xA0, 0x2B, 0x17, 0x5B, 0xFB, 0xA6, 0x9E, 0xB4,
  0xDF, 0x72, 0x04, 0x4E, 0x95, 0x4C, 0x46, 0x36, 0x89, 0xC0, 0xD5, 0xB6, 0x09, 0xF5, 0x45, 0xDE,
  0xEA, 0x97, 0xB1, 0x2D, 0x51, 0xBF, 0x6B, 0x4F, 0x3A, 0x55, 0x91, 0x68, 0x9B, 0xFD, 0xEB, 0xB7,
  0x8D, 0x75, 0xA4, 0xEF, 0x9A, 0x6E, 0x53, 0xDE, 0xC7, 0xC8, 0x79, 0x91, 0x4D, 0x45, 0xCD, 0xDE,
  0x7A, 0x3D, 0xBB, 0x05, 0xCD, 0x17, 0x63, 0x85, 0x36, 0x7B, 0x45, 0xD4, 0x7D, 0xF6, 0x16, 0x7B,
  0x1B, 0xFB, 0xE9, 0x84, 0x80, 0x57, 0x27, 0x47, 0x00, 0xC6, 0xB5, 0xB9, 0xA8, 0x70, 0x91, 0x51,
  0x0F, 0x3F, 0xE2, 0x34, 0x92, 0xEB, 0xE1, 0xC7, 0xAC, 0xEB, 0x24, 0xBA, 0xBE, 0x01, 0x6A, 0x8C,
  0x9C, 0x41, 0x89, 0xCC, 0xC3, 0x2C, 0xE1, 0x6E, 0x40, 0x89, 0x65, 0xFA, 0xF6, 0x04, 0x4B, 0x2C,
  0x47, 0x22, 0x88, 0x3B, 0xE9, 0xC5, 0xC7, 0xD6, 0x0E, 0x0B, 0x5D, 0xB2, 0x07, 0xBC, 0x37, 0x22,
  0x9F, 0xB7, 0x27, 0x41, 0x74, 0x50, 0x31, 0x24, 0xA3, 0xEE, 0x3D, 0xDE, 0xCB, 0xD2, 0xB0, 0xEC,
  0x12, 0x47, 0x8A, 0x55, 0x9C, 0x78, 0x9C, 0xFE, 0xF0, 0xC3, 0xA4, 0xCA, 0x9D, 0x36, 0xC5, 0x62,
  0x34, 0x08, 0xAA, 0x82, 0x91, 0x8E, 0x90, 0xF0, 0x7B, 0xD8, 0xFB, 0x36, 0x92, 0xF4, 0x6C, 0xE3,
  0xC4, 0x9D, 0xC2, 0x79, 0x27, 0x6A, 0x87, 0xDF, 0x1D, 0xC6, 0xC3, 0x5A, 0x21, 0x1C, 0x7B, 0xCE,
  0x89, 0x66, 0x74, 0x19, 0xD1, 0x0F, 0xF3, 0x43, 0x9B, 0xC1, 0xA4, 0xFE, 0x7F, 0x78, 0x70, 0x0E,
  0x7C, 0x41, 0x03, 0x82, 0xD3, 0xCF, 0x7F, 0x05, 0xD3, 0x73, 0xC9, 0xC9, 0xEF, 0xFB, 0x47, 0xB6,
  0x33, 0xA0, 0x6F, 0xB8, 0x17, 0xEC, 0xCD, 0x73, 0xE8, 0x29, 0xA0, 0xF8, 0x70, 0x81, 0x64, 0x31,
  0x8E, 0x36, 0xC3, 0x99, 0xE0, 0x5C, 0x99, 0x63, 0x2E, 0xAD, 0xEA, 0xBD, 0xE0, 0x6D, 0xB2, 0xB9,
  0x30, 0x60, 0x27, 0xF8, 0x38, 0xB1, 0xC6, 0xAF, 0x57, 0xD3, 0x3B, 0x87, 0x28, 0x2D, 0xCE, 0xF5,
  0xD8, 0xD2, 0x92, 0x56, 0x13, 0x98, 0x73, 0x6D, 0xB1, 0x13, 0xE7, 0x3E, 0x70, 0xC9, 0x95, 0x50
};

const EmbRec g_ref_set_Aida[] = {
  { REF_NAME, emb_Aida_0, FR_EMB_SIZE },
  { REF_NAME, emb_Aida_1, FR_EMB_SIZE },
  { REF_NAME, emb_Aida_2, FR_EMB_SIZE },
  { REF_NAME, emb_Aida_3, FR_EMB_SIZE },
  { REF_NAME, emb_Aida_4, FR_EMB_SIZE },
  { REF_NAME, emb_Aida_5, FR_EMB_SIZE },
  { REF_NAME, emb_Aida_6, FR_EMB_SIZE },
  { REF_NAME, emb_Aida_7, FR_EMB_SIZE },
  { REF_NAME, emb_Aida_8, FR_EMB_SIZE },
  { REF_NAME, emb_Aida_9, FR_EMB_SIZE },
};
const int g_ref_set_count_Aida = (int)(sizeof(g_ref_set_Aida)/sizeof(g_ref_set_Aida[0]));

#undef REF_NAME
